-- phpMyAdmin SQL Dump
-- version 5.2.0
-- https://www.phpmyadmin.net/
--
-- Host: 127.0.0.1
-- Erstellungszeit: 19. Apr 2023 um 16:11
-- Server-Version: 10.4.27-MariaDB
-- PHP-Version: 8.2.0

SET SQL_MODE = "NO_AUTO_VALUE_ON_ZERO";
START TRANSACTION;
SET time_zone = "+00:00";


/*!40101 SET @OLD_CHARACTER_SET_CLIENT=@@CHARACTER_SET_CLIENT */;
/*!40101 SET @OLD_CHARACTER_SET_RESULTS=@@CHARACTER_SET_RESULTS */;
/*!40101 SET @OLD_COLLATION_CONNECTION=@@COLLATION_CONNECTION */;
/*!40101 SET NAMES utf8mb4 */;

--
-- Datenbank: `fahrtenbuch`
--

-- --------------------------------------------------------

--
-- Tabellenstruktur für Tabelle `fahrer`
--

CREATE TABLE `fahrer` (
  `id` int(11) UNSIGNED NOT NULL,
  `vorname` varchar(50) NOT NULL,
  `nachname` varchar(50) NOT NULL
) ENGINE=InnoDB DEFAULT CHARSET=utf8mb4 COLLATE=utf8mb4_general_ci;

--
-- Daten für Tabelle `fahrer`
--

INSERT INTO `fahrer` (`id`, `vorname`, `nachname`) VALUES
(1, 'Ahmad', 'Darwish'),
(2, 'Alexander ', 'Ginter'),
(3, 'Torsten', 'Kant'),
(4, 'vorname', 'nachname'),
(5, 'Maëlla', 'Oxton'),
(6, 'Kévina', 'Wallege'),
(7, 'Mà', 'Speeding'),
(8, 'Cinéma', 'Larkby'),
(9, 'Séverine', 'Tschersich'),
(10, 'Publicité', 'Polglaze'),
(11, 'Yáo', 'Pinnere'),
(12, 'Personnalisée', 'Edgin'),
(13, 'Aí', 'Marling'),
(14, 'Frédérique', 'Ascroft'),
(15, 'Dù', 'McMorran'),
(16, 'Solène', 'Geraghty'),
(17, 'Cunégonde', 'Simak'),
(18, 'Maëlyss', 'Bartosch'),
(19, 'Léane', 'Ludgrove'),
(20, 'Léa', 'Goode'),
(21, 'Göran', 'Cunradi'),
(22, 'Lén', 'Stanwix'),
(23, 'Andréanne', 'Clamp'),
(24, 'Yè', 'Carmody'),
(25, 'Bérénice', 'Fridd'),
(26, 'Marie-françoise', 'De Malchar'),
(27, 'Ophélie', 'Joselin'),
(28, 'Françoise', 'Hyam'),
(29, 'Lauréna', 'Mintram'),
(30, 'Maëlle', 'Vernham'),
(31, 'Crééz', 'Cornbell'),
(32, 'Geneviève', 'Sharper'),
(33, 'Hélèna', 'Lyst'),
(34, 'Maïlys', 'Vale'),
(35, 'Bénédicte', 'Burrows'),
(36, 'Clémentine', 'Vowels'),
(37, 'Pénélope', 'Risborough'),
(38, 'Zoé', 'Kingscote'),
(39, 'Garçon', 'Hogsden'),
(40, 'Björn', 'Routhorn'),
(41, 'Judicaël', 'Falla'),
(42, 'Edmée', 'Clubb'),
(43, 'Faîtes', 'Hachard'),
(44, 'Maïlis', 'Stranks'),
(45, 'Léonie', 'Swainston'),
(46, 'Gaétane', 'Elmhurst'),
(47, 'Joséphine', 'Barthot'),
(48, 'Noëlla', 'Tadman'),
(49, 'Mårten', 'Gable'),
(50, 'Lén', 'Rysom'),
(51, 'Fèi', 'Walkinshaw'),
(52, 'Mårten', 'MacKnight'),
(53, 'Dorothée', 'Myott'),
(54, 'Michèle', 'Matusson'),
(55, 'Véronique', 'Barlass'),
(56, 'Méng', 'Seager'),
(57, 'Bénédicte', 'Signorelli'),
(58, 'Miléna', 'Franceschi'),
(59, 'Maïly', 'Prando'),
(60, 'Mélia', 'Boise'),
(61, 'Estée', 'Clipsham'),
(62, 'Angèle', 'Kimbling'),
(63, 'Léa', 'Fearfull'),
(64, 'Stévina', 'Pfleger'),
(65, 'Cunégonde', 'Monson'),
(66, 'Maëlla', 'Kendell'),
(67, 'Dù', 'Potter'),
(68, 'Marie-françoise', 'Borland'),
(69, 'Marie-thérèse', 'Dobrowski'),
(70, 'Gaétane', 'Clousley'),
(71, 'Yè', 'Chant'),
(72, 'Solène', 'Snarie'),
(73, 'Méthode', 'McCarty'),
(74, 'Bénédicte', 'Klein'),
(75, 'Ruò', 'Mea'),
(76, 'Mélanie', 'Barthorpe'),
(77, 'Méryl', 'Henricsson'),
(78, 'Andréa', 'Marquet'),
(79, 'Adélie', 'McDavid'),
(80, 'Marie-hélène', 'Torbeck'),
(81, 'Maïté', 'Garmon'),
(82, 'Marie-françoise', 'Bowskill'),
(83, 'Cécilia', 'Mutton'),
(84, 'Marylène', 'Phizackarley'),
(85, 'Clémence', 'Bresman'),
(86, 'Wá', 'Swindin'),
(87, 'Maéna', 'Steart'),
(88, 'Cléopatre', 'Blethin'),
(89, 'Eléa', 'Costley'),
(90, 'Mélodie', 'Jackways'),
(91, 'Célestine', 'Ruby'),
(92, 'Loïs', 'Cheshire'),
(93, 'Personnalisée', 'Ritzman'),
(94, 'Aloïs', 'Bonson'),
(95, 'Mélanie', 'Wickliffe'),
(96, 'Loïs', 'Noli'),
(97, 'Gérald', 'Camilleri'),
(98, 'Maëly', 'Iannini'),
(99, 'Marie-hélène', 'Sitlington'),
(100, 'Marlène', 'Vince'),
(101, 'Görel', 'Emmanuel'),
(102, 'Maëlla', 'Borzoni'),
(103, 'Frédérique', 'Skurm'),
(104, 'Thérèsa', 'Piotr'),
(105, 'Adélie', 'Vear'),
(106, 'Björn', 'Kliemann'),
(107, 'Dù', 'Koppel'),
(108, 'Renée', 'July'),
(109, 'Torbjörn', 'Farrall'),
(110, 'Lucrèce', 'Farherty'),
(111, 'Ruì', 'McManamen'),
(112, 'Jú', 'Taig'),
(113, 'Intéressant', 'Enric'),
(114, 'Joséphine', 'Gounel'),
(115, 'Aimée', 'Swanton'),
(116, 'Publicité', 'Rawstorn'),
(117, 'Stéphanie', 'Hinckley'),
(118, 'Chloé', 'Mimmack'),
(119, 'Solène', 'Norton'),
(120, 'Yénora', 'Vasquez'),
(121, 'Annotée', 'Banker'),
(122, 'Réjane', 'Purry'),
(123, 'Cécile', 'Muckley'),
(124, 'Yáo', 'Rubie'),
(125, 'Véronique', 'Olech'),
(126, 'Angélique', 'Klasen'),
(127, 'Eliès', 'Lovitt'),
(128, 'Almérinda', 'Hounsom'),
(129, 'Torbjörn', 'Chadbourne'),
(130, 'Bérengère', 'Penwright'),
(131, 'Marylène', 'Halsey'),
(132, 'Vénus', 'Owain'),
(133, 'Wá', 'Dallemore'),
(134, 'Cécilia', 'Leyban'),
(135, 'Eléa', 'Hoggan'),
(136, 'Märta', 'Dufore'),
(137, 'Célia', 'Toffetto'),
(138, 'Åke', 'Kos'),
(139, 'Gisèle', 'Rickcord'),
(140, 'Gaëlle', 'Origin'),
(141, 'Valérie', 'Ragot'),
(142, 'Cloé', 'MacCallam'),
(143, 'Märta', 'Shelly'),
(144, 'Cléa', 'Jzak'),
(145, 'Esbjörn', 'Farrans'),
(146, 'Eléonore', 'Narraway'),
(147, 'Mégane', 'Simoneau'),
(148, 'Athéna', 'Dryburgh'),
(149, 'Léana', 'Eisikowitch'),
(150, 'Maïlys', 'Horstead'),
(151, 'Chloé', 'Minnette'),
(152, 'Anaëlle', 'Donner'),
(153, 'Desirée', 'Latta'),
(154, 'Thérèse', 'Dillon'),
(155, 'Dà', 'Kissell'),
(156, 'Audréanne', 'Simonnet'),
(157, 'Clélia', 'Ayrton'),
(158, 'Gwenaëlle', 'Trower'),
(159, 'Bécassine', 'Mabley'),
(160, 'Maïlis', 'Baack'),
(161, 'Maëline', 'Yurygyn'),
(162, 'Maëlys', 'Verrillo'),
(163, 'Laïla', 'Rollin'),
(164, 'Maëlle', 'Cahani'),
(165, 'Pò', 'Crady'),
(166, 'Erwéi', 'Cappleman'),
(167, 'Ophélie', 'Loadsman'),
(168, 'Intéressant', 'Fenelon'),
(169, 'Méng', 'Cull'),
(170, 'Salomé', 'Millington'),
(171, 'Gwenaëlle', 'Dignall'),
(172, 'Marie-josée', 'Chatelain'),
(173, 'Adèle', 'Tremblett'),
(174, 'Dafnée', 'Passey'),
(175, 'Joséphine', 'Davis'),
(176, 'Noëlla', 'Wudeland'),
(177, 'Uò', 'Exeter'),
(178, 'Crééz', 'Vickress'),
(179, 'Mahélie', 'Watson'),
(180, 'Kévina', 'Reeveley'),
(181, 'Bérengère', 'Stode'),
(182, 'Lorène', 'Leckey'),
(183, 'Börje', 'Frome'),
(184, 'Mylène', 'Hopkynson'),
(185, 'Nélie', 'Steabler'),
(186, 'Personnalisée', 'Kyne'),
(187, 'Måns', 'Corke'),
(188, 'Aurélie', 'Niemetz'),
(189, 'Cinéma', 'Norwell'),
(190, 'Bérénice', 'Partrick'),
(191, 'Rébecca', 'McNae'),
(192, 'Maëly', 'Wennam'),
(193, 'Frédérique', 'Virgoe'),
(194, 'Nélie', 'Southcomb'),
(195, 'Gérald', 'Bromhead'),
(196, 'Danièle', 'Cossum'),
(197, 'Adèle', 'Dunton'),
(198, 'Crééz', 'Cornil'),
(199, 'Fèi', 'Ventura'),
(200, 'Maëlys', 'Birkhead'),
(201, 'Léandre', 'Warr'),
(202, 'Régine', 'Bunnell'),
(203, 'Táng', 'Caret'),
(204, 'Estée', 'Kirton'),
(205, 'Angélique', 'Menault'),
(206, 'Renée', 'Ortes'),
(207, 'Kuí', 'Tire'),
(208, 'Nuó', 'O\'Carney'),
(209, 'Maëlle', 'Kinton'),
(210, 'Faîtes', 'Bette'),
(211, 'Marie-ève', 'Baker'),
(212, 'Eloïse', 'Matitiaho'),
(213, 'Thérèsa', 'Tolomei'),
(214, 'Méline', 'Swarbrigg'),
(215, 'Stéphanie', 'Kalf'),
(216, 'Esbjörn', 'Estrella'),
(217, 'Björn', 'Ketteman'),
(218, 'Méline', 'Gaskell'),
(219, 'Stéphanie', 'Calvey'),
(220, 'Nadège', 'O\'Hagan'),
(221, 'Loïca', 'Grimolbie'),
(222, 'Hélèna', 'Marnes'),
(223, 'Mahélie', 'Copin'),
(224, 'Amélie', 'Paradis'),
(225, 'Léonore', 'Straughan'),
(226, 'Eloïse', 'Timmes'),
(227, 'Faîtes', 'Grigorushkin'),
(228, 'Björn', 'Gouck'),
(229, 'Ruì', 'Kinnock'),
(230, 'André', 'Notley'),
(231, 'Kù', 'Birchenough'),
(232, 'Hélène', 'Micklewicz'),
(233, 'Garçon', 'Dansken'),
(234, 'Måns', 'Billett'),
(235, 'Aí', 'Spaven'),
(236, 'Angélique', 'Welband'),
(237, 'Gaïa', 'Baysting'),
(238, 'Rébecca', 'Gatenby'),
(239, 'Cléopatre', 'Melanaphy'),
(240, 'Pélagie', 'Kightly'),
(241, 'Lèi', 'McNerlin'),
(242, 'Cécilia', 'MacGiolla Pheadair'),
(243, 'Léone', 'Heaviside'),
(244, 'Anaëlle', 'Yearron'),
(245, 'Mahélie', 'Benterman'),
(246, 'Chloé', 'Safell'),
(247, 'Gaëlle', 'MacGillicuddy'),
(248, 'Angélique', 'Muldownie'),
(249, 'Loïs', 'Littleton'),
(250, 'Eloïse', 'Dowtry'),
(251, 'Maëly', 'Coldbath'),
(252, 'Kù', 'Burgise'),
(253, 'Thérèse', 'Casper'),
(254, 'Kuí', 'Bartosiak'),
(255, 'Illustrée', 'Keynes'),
(256, 'Wá', 'Beau'),
(257, 'Hélèna', 'Hinners'),
(258, 'Gérald', 'Cadney'),
(259, 'Angèle', 'Sallinger'),
(260, 'Cloé', 'Lockett'),
(261, 'Tán', 'Bogays'),
(262, 'Lài', 'Hacket'),
(263, 'Gérald', 'Rudeyeard'),
(264, 'Maëlla', 'Fippe'),
(265, 'Kévina', 'Antonijevic'),
(266, 'Mégane', 'Camosso'),
(267, 'Léone', 'Kennerley'),
(268, 'Vénus', 'Yitzhakof'),
(269, 'Mà', 'Romei'),
(270, 'Wá', 'Bawles'),
(271, 'Mårten', 'Flawith'),
(272, 'Adélie', 'Beacroft'),
(273, 'Táng', 'Remington'),
(274, 'Stévina', 'Rembrant'),
(275, 'Tán', 'Cotton'),
(276, 'Méghane', 'Houndsom'),
(277, 'Annotés', 'Tomasz'),
(278, 'Ophélie', 'Craven'),
(279, 'Illustrée', 'Cardoe'),
(280, 'Séréna', 'Duffie'),
(281, 'Måns', 'Gerraty'),
(282, 'Liè', 'Hingeley'),
(283, 'Maëlla', 'Richardin'),
(284, 'Bérangère', 'Streak'),
(285, 'Maï', 'Elner'),
(286, 'Dafnée', 'Lalonde'),
(287, 'Intéressant', 'Chaster'),
(288, 'Simplifiés', 'Ilyasov'),
(289, 'Vénus', 'World'),
(290, 'Magdalène', 'Ebben'),
(291, 'Yú', 'Strangeways'),
(292, 'Ophélie', 'Stute'),
(293, 'Dafnée', 'Scanlin'),
(294, 'Cloé', 'Gwinnett'),
(295, 'Naéva', 'Mil'),
(296, 'Marie-thérèse', 'Timby'),
(297, 'Océane', 'Holson'),
(298, 'Illustrée', 'Charette'),
(299, 'Åsa', 'Eiler'),
(300, 'Lucrèce', 'Cristofol'),
(301, 'Lén', 'Dufour'),
(302, 'Maéna', 'Richardet'),
(303, 'Audréanne', 'Mangam'),
(304, 'Hélène', 'Domelow'),
(305, 'Åslög', 'Cyphus'),
(306, 'Maëlla', 'McClary'),
(307, 'Yóu', 'McKibbin'),
(308, 'Cinéma', 'Tripp'),
(309, 'Agnès', 'Duggary'),
(310, 'Maëlla', 'Goodisson'),
(311, 'Erwéi', 'Unwin'),
(312, 'Cécile', 'Middis'),
(313, 'Maëlys', 'Cristofvao'),
(314, 'Cléopatre', 'Churly'),
(315, 'Clélia', 'Riddick'),
(316, 'Zoé', 'Cassell'),
(317, 'Angélique', 'Cutmore'),
(318, 'Kù', 'Sartin'),
(319, 'Lucrèce', 'Campes'),
(320, 'Véronique', 'Cowthart'),
(321, 'Gisèle', 'Puvia'),
(322, 'Léa', 'Limpkin'),
(323, 'Méryl', 'Coultous'),
(324, 'Céline', 'Morford'),
(325, 'Kuí', 'Drennan'),
(326, 'Mahélie', 'Shiril'),
(327, 'Almérinda', 'Mailes'),
(328, 'Tú', 'Trunkfield'),
(329, 'Marie-ève', 'Rosten'),
(330, 'Fèi', 'Custy'),
(331, 'Nuó', 'Jacqueminot'),
(332, 'Marie-josée', 'Hallibone'),
(333, 'Naéva', 'Brunelli'),
(334, 'Adélaïde', 'Yve'),
(335, 'Crééz', 'Dadley'),
(336, 'Intéressant', 'Domican'),
(337, 'Amélie', 'Boulstridge'),
(338, 'Géraldine', 'Milstead'),
(339, 'Lèi', 'Leece'),
(340, 'Wá', 'Dunkersley'),
(341, 'Bécassine', 'Blanchard'),
(342, 'Mélys', 'MacPadene'),
(343, 'Vénus', 'Tristram'),
(344, 'Eugénie', 'O\'Lenane'),
(345, 'Eléa', 'Decayette'),
(346, 'Maïwenn', 'Giacovelli'),
(347, 'Eugénie', 'Pacquet'),
(348, 'Kuí', 'Tippell'),
(349, 'Marie-thérèse', 'Riseam'),
(350, 'Kévina', 'Freemantle'),
(351, 'Ráo', 'Gathercoal'),
(352, 'Mahélie', 'Vasile'),
(353, 'Cécilia', 'Ewins'),
(354, 'Frédérique', 'Mocher'),
(355, 'Åsa', 'Paula'),
(356, 'Réservés', 'Rampling'),
(357, 'Uò', 'Boerder'),
(358, 'Andréanne', 'Danton'),
(359, 'Stéphanie', 'Cordeux'),
(360, 'Renée', 'Finkle'),
(361, 'Maïly', 'Edyson'),
(362, 'Garçon', 'Heather'),
(363, 'Anaël', 'Geraudel'),
(364, 'Régine', 'Foulser'),
(365, 'Mén', 'Screeton'),
(366, 'Eugénie', 'Mapledorum'),
(367, 'Mégane', 'Boake'),
(368, 'Inès', 'Ireson'),
(369, 'Stéphanie', 'Coiley'),
(370, 'Desirée', 'Bevington'),
(371, 'Méthode', 'Tinkham'),
(372, 'Aurélie', 'Gorry'),
(373, 'Maï', 'Galtone'),
(374, 'Lucrèce', 'Chaise'),
(375, 'Ráo', 'Lowdiane'),
(376, 'Inès', 'Fouldes'),
(377, 'Bérangère', 'Craggs'),
(378, 'Maïlys', 'Seally'),
(379, 'Maëly', 'Tunny'),
(380, 'Lyséa', 'Dyball'),
(381, 'Marie-françoise', 'Atherton'),
(382, 'Marylène', 'Armand'),
(383, 'Pò', 'Baldelli'),
(384, 'Mårten', 'Lazenbury'),
(385, 'Aurélie', 'Tunney'),
(386, 'Dafnée', 'Sarch'),
(387, 'Gisèle', 'Ivanshintsev'),
(388, 'Méthode', 'Wallsam'),
(389, 'Maïwenn', 'Savins'),
(390, 'Cinéma', 'Francescoccio'),
(391, 'Marlène', 'Zmitrichenko'),
(392, 'Maï', 'Vader'),
(393, 'Clémentine', 'McRory'),
(394, 'Yè', 'Corton'),
(395, 'Pénélope', 'Sessuns'),
(396, 'Audréanne', 'Vanyukov'),
(397, 'Frédérique', 'Razzell'),
(398, 'Stévina', 'Edger'),
(399, 'Aurélie', 'Cottesford'),
(400, 'Mélodie', 'Donahue'),
(401, 'Yè', 'Marsh'),
(402, 'Géraldine', 'Butters'),
(403, 'Ráo', 'Trustie'),
(404, 'Mélia', 'Fellenor'),
(405, 'Tú', 'Neeson'),
(406, 'Cécilia', 'Bramo'),
(407, 'Océanne', 'Strick'),
(408, 'Styrbjörn', 'Ickowicz'),
(409, 'Angélique', 'Bindin'),
(410, 'Aloïs', 'Cotterell'),
(411, 'Marie-noël', 'Knightsbridge'),
(412, 'Hélène', 'Dwane'),
(413, 'Crééz', 'Adrianello'),
(414, 'Marie-françoise', 'Rutherford'),
(415, 'Méline', 'Dumper'),
(416, 'Loïs', 'Dwelly'),
(417, 'Clémence', 'O\'Dogherty'),
(418, 'Örjan', 'Barraclough'),
(419, 'Mégane', 'Benito'),
(420, 'Mà', 'Astbury'),
(421, 'Mélodie', 'Bracher'),
(422, 'Séverine', 'Fortescue'),
(423, 'Östen', 'Sandiford'),
(424, 'Mahélie', 'Heatly'),
(425, 'Mélinda', 'Houseago'),
(426, 'Gaïa', 'Jane'),
(427, 'Thérèsa', 'Pranger'),
(428, 'Thérèse', 'Matuska'),
(429, 'Magdalène', 'Frede'),
(430, 'Léandre', 'Brideaux'),
(431, 'Noémie', 'Zipsell'),
(432, 'Magdalène', 'Caswill'),
(433, 'Noëlla', 'McBratney'),
(434, 'Magdalène', 'Selvester'),
(435, 'Cinéma', 'Whitnall'),
(436, 'Angèle', 'Sweeten'),
(437, 'Lorène', 'Pre'),
(438, 'Maëlle', 'Fateley'),
(439, 'Almérinda', 'Conboy'),
(440, 'Alizée', 'Hallett'),
(441, 'Françoise', 'Cush'),
(442, 'Aloïs', 'Piscopiello'),
(443, 'Tú', 'Libermore'),
(444, 'Cléa', 'Irlam'),
(445, 'Michèle', 'MacArte'),
(446, 'Kù', 'Henryson'),
(447, 'Dorothée', 'Dutnall'),
(448, 'Athéna', 'MacSorley'),
(449, 'Lyséa', 'Repper'),
(450, 'Liè', 'Bothen'),
(451, 'Léandre', 'Crudge'),
(452, 'Méline', 'Geillier'),
(453, 'Märta', 'Spikeings'),
(454, 'Dorothée', 'Gaskins'),
(455, 'Lèi', 'Gartside'),
(456, 'Östen', 'Cathrall'),
(457, 'Annotée', 'Flockhart'),
(458, 'Lóng', 'MacKinnon'),
(459, 'Görel', 'Gyurko'),
(460, 'Chloé', 'Joye'),
(461, 'Méng', 'Guillon'),
(462, 'Gösta', 'Spaven'),
(463, 'Angélique', 'Bicheno'),
(464, 'Faîtes', 'Burdon'),
(465, 'Bénédicte', 'Blesli'),
(466, 'Inès', 'Frift'),
(467, 'Valérie', 'Barthelme'),
(468, 'Erwéi', 'Donwell'),
(469, 'Maëlyss', 'Tainton'),
(470, 'Daphnée', 'Coyte'),
(471, 'Dafnée', 'Cudworth'),
(472, 'Märta', 'Vashchenko'),
(473, 'Méghane', 'Benettini'),
(474, 'Maïté', 'Icke'),
(475, 'Sélène', 'Towle'),
(476, 'Maïté', 'Tumber'),
(477, 'Solène', 'Roelofsen'),
(478, 'Aloïs', 'Gierek'),
(479, 'Clémentine', 'Aleevy'),
(480, 'Yáo', 'Packer'),
(481, 'Mélinda', 'Calveley'),
(482, 'Gaïa', 'Pearcy'),
(483, 'Mélia', 'Inger'),
(484, 'Styrbjörn', 'Abbot'),
(485, 'Salomé', 'Gulliford'),
(486, 'Märta', 'Oen'),
(487, 'Bécassine', 'Pinnell'),
(488, 'Örjan', 'Barnwell'),
(489, 'Nuó', 'Hartill'),
(490, 'Göran', 'Disbrow'),
(491, 'Naëlle', 'O\'Sheeryne'),
(492, 'Méryl', 'Gerardin'),
(493, 'Mélia', 'Scally'),
(494, 'Thérèse', 'Joret'),
(495, 'Marlène', 'Conrad'),
(496, 'André', 'Archbutt'),
(497, 'Lèi', 'Poizer'),
(498, 'Marie-thérèse', 'Eyckel'),
(499, 'Clélia', 'Gilbeart'),
(500, 'Alizée', 'Oxbe'),
(501, 'Personnalisée', 'Darcey'),
(502, 'Kuí', 'Arkin'),
(503, 'Bécassine', 'Lowdyane'),
(504, 'Félicie', 'Stennes'),
(505, 'Gaïa', 'Fendlow'),
(506, 'Bérengère', 'Wanley'),
(507, 'Léone', 'Featherstone'),
(508, 'Göran', 'Boyles'),
(509, 'Estève', 'Eldred'),
(510, 'Mélys', 'Kippen'),
(511, 'Maéna', 'Gourley'),
(512, 'Tán', 'Jurick'),
(513, 'Solène', 'Hosten'),
(514, 'Styrbjörn', 'Gritten'),
(515, 'Aurélie', 'Brazenor'),
(516, 'Maï', 'Joyes'),
(517, 'Cunégonde', 'Menlove'),
(518, 'Nuó', 'Coysh'),
(519, 'Eugénie', 'Gannaway'),
(520, 'Gérald', 'Sallis'),
(521, 'Fèi', 'McIan'),
(522, 'Yè', 'Ren'),
(523, 'Magdalène', 'Antoszewski'),
(524, 'Célia', 'Slogrove'),
(525, 'Maëlla', 'Probets'),
(526, 'Léonore', 'Burrow'),
(527, 'Félicie', 'Bater'),
(528, 'Rébecca', 'Ianetti'),
(529, 'Nuó', 'Pinar'),
(530, 'Yè', 'Mountlow'),
(531, 'Jú', 'Lambourne'),
(532, 'Loïca', 'Plaxton'),
(533, 'Joséphine', 'Gibke'),
(534, 'Mélina', 'Sawkins'),
(535, 'Clélia', 'Spinelli'),
(536, 'Naëlle', 'Hitchens'),
(537, 'Maïté', 'Moorton'),
(538, 'Adélie', 'Klich'),
(539, 'Méryl', 'Szantho'),
(540, 'Bénédicte', 'Garwell'),
(541, 'Bécassine', 'Smurfit'),
(542, 'Åslög', 'Harbidge'),
(543, 'Méthode', 'Tremayle'),
(544, 'Aimée', 'Calliss'),
(545, 'Eugénie', 'Fardell'),
(546, 'Maïlys', 'St Quenin'),
(547, 'Kuí', 'Mcall'),
(548, 'Rébecca', 'Swayton'),
(549, 'Célestine', 'Curnokk'),
(550, 'Cécilia', 'Wretham'),
(551, 'Torbjörn', 'Cursons'),
(552, 'Néhémie', 'Fenty'),
(553, 'Simplifiés', 'Croney'),
(554, 'Anaïs', 'Epine'),
(555, 'Maëly', 'Dives'),
(556, 'Loïc', 'Rannigan'),
(557, 'Annotée', 'Human'),
(558, 'Simplifiés', 'Tonna'),
(559, 'Illustrée', 'Kitto'),
(560, 'Estève', 'Mellmoth'),
(561, 'Sòng', 'O\'Carney'),
(562, 'Erwéi', 'Andrichak'),
(563, 'Judicaël', 'Haitlie'),
(564, 'Laurélie', 'Beeching'),
(565, 'Néhémie', 'Dobie'),
(566, 'Göran', 'Prydden'),
(567, 'Méghane', 'Parham'),
(568, 'Miléna', 'Bauldrey'),
(569, 'Gwenaëlle', 'Lukianovich'),
(570, 'Naéva', 'Gullane'),
(571, 'Léonie', 'Kenton'),
(572, 'Magdalène', 'Schelle'),
(573, 'Clémentine', 'Sharphurst'),
(574, 'Gaétane', 'Bromet'),
(575, 'Lauréna', 'Castillon'),
(576, 'Liè', 'Sarfass'),
(577, 'Táng', 'Rickertsen'),
(578, 'Crééz', 'Brunker'),
(579, 'Marie-françoise', 'Benezeit'),
(580, 'Pò', 'Largent'),
(581, 'Clélia', 'Roderigo'),
(582, 'Judicaël', 'Doldon'),
(583, 'Séverine', 'Vice'),
(584, 'Léana', 'Artin'),
(585, 'Marylène', 'Caplen'),
(586, 'Pål', 'Purchon'),
(587, 'Rachèle', 'Lemoir'),
(588, 'Cunégonde', 'Kerford'),
(589, 'Daphnée', 'Atkinson'),
(590, 'Naëlle', 'Tezure'),
(591, 'Táng', 'Alishoner'),
(592, 'Gaétane', 'Brounfield'),
(593, 'Geneviève', 'Mesant'),
(594, 'Marie-noël', 'Kauffman'),
(595, 'Kù', 'Eastmond'),
(596, 'Tán', 'Cossem'),
(597, 'Méryl', 'Meachem'),
(598, 'Océanne', 'Weatherell'),
(599, 'Maïwenn', 'Sutterby'),
(600, 'Salomé', 'Simonetti'),
(601, 'Pål', 'Nice'),
(602, 'Andréa', 'Errol'),
(603, 'Adélie', 'Colwill'),
(604, 'Rébecca', 'Nudd'),
(605, 'Clélia', 'Perigoe'),
(606, 'Örjan', 'Kiln'),
(607, 'Adèle', 'Burroughes'),
(608, 'Annotée', 'Linbohm'),
(609, 'Yè', 'Barehead'),
(610, 'Mélinda', 'Josovich'),
(611, 'Pélagie', 'Fonzone'),
(612, 'Kù', 'Point'),
(613, 'Ophélie', 'Gare'),
(614, 'Mén', 'Rance'),
(615, 'Loïs', 'Ritch'),
(616, 'Yóu', 'Longmaid'),
(617, 'Intéressant', 'Dyka'),
(618, 'Sélène', 'Westberg'),
(619, 'Angélique', 'Bartholomew'),
(620, 'Mélia', 'Cawkwell'),
(621, 'Dà', 'Peggram'),
(622, 'Maëlle', 'Visick'),
(623, 'Nélie', 'Hurndall'),
(624, 'Cloé', 'Rapinett'),
(625, 'Frédérique', 'Ugoni'),
(626, 'Marie-josée', 'Ollis'),
(627, 'Océanne', 'Wolfendale'),
(628, 'Almérinda', 'Konmann'),
(629, 'Léandre', 'Kynforth'),
(630, 'Björn', 'Schonfeld'),
(631, 'Ruò', 'Liepins'),
(632, 'Maïly', 'Gritton'),
(633, 'Stévina', 'Soppitt'),
(634, 'Zoé', 'McDermid'),
(635, 'Intéressant', 'Oxshott'),
(636, 'Françoise', 'Canedo'),
(637, 'Solène', 'Huebner'),
(638, 'Léa', 'Drowsfield'),
(639, 'Stévina', 'Bewshea'),
(640, 'Agnès', 'Coxwell'),
(641, 'Pål', 'Brickner'),
(642, 'Céline', 'Thrustle'),
(643, 'Gisèle', 'Reside'),
(644, 'Yóu', 'Strafford'),
(645, 'Angélique', 'Kirvin'),
(646, 'Cécilia', 'Owthwaite'),
(647, 'Camélia', 'Frears'),
(648, 'Kù', 'Eouzan'),
(649, 'Méline', 'Fidge'),
(650, 'Håkan', 'Stodart'),
(651, 'Méryl', 'Taveriner'),
(652, 'Laurélie', 'Jellings'),
(653, 'Tú', 'Edmondson'),
(654, 'Ophélie', 'Hazeldene'),
(655, 'Mén', 'Massingham'),
(656, 'Mégane', 'Doorbar'),
(657, 'Gaétane', 'Wyon'),
(658, 'Sélène', 'Southall'),
(659, 'Béatrice', 'Van Niekerk'),
(660, 'Mélanie', 'Wrenn'),
(661, 'Naëlle', 'Haythornthwaite'),
(662, 'Audréanne', 'Bannon'),
(663, 'Andréa', 'Sarah'),
(664, 'Erwéi', 'Cribbott'),
(665, 'Pò', 'Treske'),
(666, 'Ruì', 'Rizzardo'),
(667, 'Océanne', 'Valenti'),
(668, 'Lèi', 'Bilson'),
(669, 'Lauréna', 'Fonzone'),
(670, 'Mélissandre', 'Szach'),
(671, 'Cunégonde', 'Churcher'),
(672, 'Pò', 'Mapham'),
(673, 'Aimée', 'Fitzsimmons'),
(674, 'Liè', 'Mowat'),
(675, 'Yáo', 'Whodcoat'),
(676, 'Léane', 'McCloud'),
(677, 'Stéphanie', 'Lesly'),
(678, 'Anaël', 'Saunderson'),
(679, 'Néhémie', 'Brigden'),
(680, 'Frédérique', 'Firle'),
(681, 'Cinéma', 'Kinsella'),
(682, 'Régine', 'Oles'),
(683, 'Inès', 'Slade'),
(684, 'Thérèse', 'Moncreif'),
(685, 'Illustrée', 'Matyugin'),
(686, 'Sòng', 'Jiricka'),
(687, 'Audréanne', 'Standish-Brooks'),
(688, 'Gaëlle', 'Casse'),
(689, 'Renée', 'Lennon'),
(690, 'Michèle', 'Blakeley'),
(691, 'Clélia', 'Hysom'),
(692, 'Märta', 'Richemont'),
(693, 'Irène', 'Hugnot'),
(694, 'Michèle', 'Moynham'),
(695, 'Måns', 'Towsey'),
(696, 'Eléa', 'Drinkhill'),
(697, 'Chloé', 'Napolione'),
(698, 'Miléna', 'Morten'),
(699, 'Geneviève', 'Feaviour'),
(700, 'Mén', 'MacFadzean'),
(701, 'Aí', 'Alway'),
(702, 'Stéphanie', 'Creswell'),
(703, 'Valérie', 'Alben'),
(704, 'Maëline', 'Learie'),
(705, 'Maëlyss', 'MacCafferky'),
(706, 'Régine', 'Pashen'),
(707, 'Lorène', 'Deares'),
(708, 'Eléa', 'Hunnable'),
(709, 'Océane', 'Benaine'),
(710, 'Östen', 'Grigg'),
(711, 'Méline', 'Claffey'),
(712, 'Yénora', 'O\'Doherty'),
(713, 'Liè', 'Tinn'),
(714, 'Edmée', 'Dreus'),
(715, 'Desirée', 'Farrears'),
(716, 'Anaé', 'Jinkins'),
(717, 'Cunégonde', 'Lloyd'),
(718, 'Lorène', 'MacAlees'),
(719, 'Pélagie', 'Zum Felde'),
(720, 'Aloïs', 'Drust'),
(721, 'Kallisté', 'Spours'),
(722, 'Bérangère', 'Hanna'),
(723, 'Andréanne', 'Scothern'),
(724, 'Göran', 'Rootes'),
(725, 'Maïlys', 'Gusney'),
(726, 'Pélagie', 'Mosten'),
(727, 'Lài', 'Kemball'),
(728, 'Laurène', 'Manktelow'),
(729, 'Pélagie', 'Dolbey'),
(730, 'Bérengère', 'MacIver'),
(731, 'Solène', 'Bodman'),
(732, 'Naéva', 'Kneller'),
(733, 'Clémentine', 'Redmayne'),
(734, 'Daphnée', 'Kerslake'),
(735, 'Réservés', 'Miklem'),
(736, 'Léandre', 'Howbrook'),
(737, 'Cléopatre', 'Leavesley'),
(738, 'Maïlis', 'Zienkiewicz'),
(739, 'Laurélie', 'Rosoman'),
(740, 'Aimée', 'Eilles'),
(741, 'Maëlyss', 'Plampin'),
(742, 'Anaïs', 'Ambage'),
(743, 'Desirée', 'Guntrip'),
(744, 'Dà', 'Toe'),
(745, 'Sòng', 'Garrat'),
(746, 'Eliès', 'Brennen'),
(747, 'Pélagie', 'Gerrelt'),
(748, 'Françoise', 'Hurler'),
(749, 'Sòng', 'MacVanamy'),
(750, 'Bérangère', 'Bonicelli'),
(751, 'Illustrée', 'Castanho'),
(752, 'Táng', 'Hansill'),
(753, 'Clémence', 'Hothersall'),
(754, 'Bénédicte', 'Elfitt'),
(755, 'Maïwenn', 'Maysor'),
(756, 'Ophélie', 'Douch'),
(757, 'Bénédicte', 'Sahnow'),
(758, 'Léa', 'Camacho'),
(759, 'Lorène', 'Kitchingman'),
(760, 'Marie-françoise', 'Meas'),
(761, 'Véronique', 'Avraham'),
(762, 'Stévina', 'MacKettrick'),
(763, 'Andréa', 'Bartels'),
(764, 'Gaétane', 'Maunders'),
(765, 'Réjane', 'Mose'),
(766, 'Örjan', 'Mielnik'),
(767, 'Görel', 'Farrar'),
(768, 'Åke', 'Rozenbaum'),
(769, 'Östen', 'Ackeroyd'),
(770, 'Lài', 'Gregolotti'),
(771, 'Wá', 'Wakefield'),
(772, 'Lài', 'Mynett'),
(773, 'Naëlle', 'Febvre'),
(774, 'Thérèse', 'Ladbury'),
(775, 'Simplifiés', 'Wanne'),
(776, 'Esbjörn', 'Cranston'),
(777, 'Bérénice', 'Daws'),
(778, 'Daphnée', 'Christopherson'),
(779, 'Marlène', 'Grosier'),
(780, 'Cléa', 'Perigeaux'),
(781, 'Léandre', 'Picott'),
(782, 'Laurène', 'Loy'),
(783, 'Célestine', 'Moggie'),
(784, 'Irène', 'McGurk'),
(785, 'Maéna', 'Jacquet'),
(786, 'Gaétane', 'Isacoff'),
(787, 'Réjane', 'Spark'),
(788, 'Måns', 'De Gregorio'),
(789, 'Björn', 'Insole'),
(790, 'Michèle', 'Crippell'),
(791, 'Maïté', 'Chang'),
(792, 'Marie-ève', 'Simkovitz'),
(793, 'Andrée', 'Petrov'),
(794, 'Mélina', 'Joyner'),
(795, 'Camélia', 'Appleford'),
(796, 'Méng', 'Schulze'),
(797, 'Léana', 'Vahl'),
(798, 'Eléonore', 'Heckney'),
(799, 'Hélèna', 'Heales'),
(800, 'Jú', 'Woolner'),
(801, 'Valérie', 'Marikhin'),
(802, 'Maï', 'Boyer'),
(803, 'Gaëlle', 'Pinches'),
(804, 'Personnalisée', 'Franzewitch'),
(805, 'Clémentine', 'Rigate'),
(806, 'Bérénice', 'Maffini'),
(807, 'Thérèsa', 'Le Fevre'),
(808, 'Bérénice', 'Retchford'),
(809, 'Pål', 'Bonass'),
(810, 'Jú', 'Copestake'),
(811, 'Mylène', 'Bluett'),
(812, 'Léonie', 'Gilhouley'),
(813, 'Pélagie', 'Stopp'),
(814, 'Maëlla', 'Cassimer'),
(815, 'Gérald', 'Ralph'),
(816, 'Maïwenn', 'Albro'),
(817, 'Erwéi', 'Shearsby'),
(818, 'Clémentine', 'Benstead'),
(819, 'Maï', 'Mainston'),
(820, 'Pénélope', 'Dudgeon'),
(821, 'Laïla', 'Houston'),
(822, 'Marie-thérèse', 'Trevaskiss'),
(823, 'Esbjörn', 'Bendell'),
(824, 'Kallisté', 'O\'Donnelly'),
(825, 'Desirée', 'Bernet'),
(826, 'Bérénice', 'Sibbet'),
(827, 'Bécassine', 'Janz'),
(828, 'Loïca', 'Hubbucks'),
(829, 'Océanne', 'Demageard'),
(830, 'Edmée', 'Scintsbury'),
(831, 'Cléopatre', 'Isgar'),
(832, 'Illustrée', 'Stango'),
(833, 'Noëlla', 'Sines'),
(834, 'Lóng', 'Perutto'),
(835, 'Céline', 'McCleverty'),
(836, 'Audréanne', 'Hawkings'),
(837, 'Kévina', 'Grenfell'),
(838, 'Ruò', 'Scuffham'),
(839, 'Zhì', 'Brodnecke'),
(840, 'Adèle', 'Hacksby'),
(841, 'Naéva', 'Cardenas'),
(842, 'Maëline', 'Shaxby'),
(843, 'Görel', 'Dabner'),
(844, 'Maëly', 'Godley'),
(845, 'Vénus', 'Daveridge'),
(846, 'Géraldine', 'Vogt'),
(847, 'Sòng', 'O\' Borne'),
(848, 'Gösta', 'Verney'),
(849, 'Erwéi', 'Rilston'),
(850, 'Lén', 'Domange'),
(851, 'Wá', 'Siman'),
(852, 'Mélys', 'Gerhold'),
(853, 'Mårten', 'MacKinnon'),
(854, 'Marie-josée', 'Aysik'),
(855, 'Léana', 'Baldree'),
(856, 'Lauréna', 'Isselee'),
(857, 'Lucrèce', 'Mapis'),
(858, 'Josée', 'Algate'),
(859, 'Maëlyss', 'Eldredge'),
(860, 'Personnalisée', 'Waddup'),
(861, 'Mélys', 'Hambridge'),
(862, 'Nélie', 'Jobbins'),
(863, 'Danièle', 'Charteris'),
(864, 'Daphnée', 'Dupre'),
(865, 'Céline', 'Buckney'),
(866, 'Dù', 'Blay'),
(867, 'Andréanne', 'Bagger'),
(868, 'Clémence', 'Roskrug'),
(869, 'Adélie', 'Pimerick'),
(870, 'Bénédicte', 'Vale'),
(871, 'Célestine', 'Haskell'),
(872, 'Inès', 'Sey'),
(873, 'Mégane', 'Crighten'),
(874, 'Östen', 'Lugard'),
(875, 'Illustrée', 'Meriet'),
(876, 'Judicaël', 'Dullaghan'),
(877, 'Béatrice', 'Robbe'),
(878, 'Estée', 'Crackett'),
(879, 'Liè', 'McTiernan'),
(880, 'Adélie', 'Jonk'),
(881, 'Kévina', 'Rohmer'),
(882, 'Eliès', 'Brumfitt'),
(883, 'Véronique', 'Gambles'),
(884, 'Stéphanie', 'Mowett'),
(885, 'Tán', 'Speenden'),
(886, 'Cécile', 'Nowakowski'),
(887, 'Frédérique', 'Lavall'),
(888, 'Vérane', 'Gillatt'),
(889, 'Jú', 'Heavyside'),
(890, 'Bécassine', 'Rattery'),
(891, 'Edmée', 'Kennett'),
(892, 'Kuí', 'Mulleary'),
(893, 'Célestine', 'Porkiss'),
(894, 'Laïla', 'Legges'),
(895, 'Gaëlle', 'Romanski'),
(896, 'Stévina', 'Charville'),
(897, 'Mylène', 'Gapp'),
(898, 'Audréanne', 'Ioannidis'),
(899, 'Bénédicte', 'Soughton'),
(900, 'Maëlla', 'Hulles'),
(901, 'Marlène', 'Shellshear'),
(902, 'Estève', 'Moon'),
(903, 'Ophélie', 'Olczyk'),
(904, 'Almérinda', 'Disdel'),
(905, 'Tú', 'Dowber'),
(906, 'Médiamass', 'Cardenas'),
(907, 'Vérane', 'Shaddock'),
(908, 'Eléa', 'Caldera'),
(909, 'Josée', 'Dockery'),
(910, 'Maïlis', 'Brounfield'),
(911, 'Marlène', 'Cotillard'),
(912, 'Intéressant', 'Balf'),
(913, 'Méghane', 'Cohan'),
(914, 'Lóng', 'Doghartie'),
(915, 'Angélique', 'Glewe'),
(916, 'Jú', 'Houliston'),
(917, 'Maëlle', 'Nevett'),
(918, 'Anaïs', 'Burtwhistle'),
(919, 'Publicité', 'Mammatt'),
(920, 'Anaé', 'McClelland'),
(921, 'Yénora', 'Winship'),
(922, 'Annotés', 'Foddy'),
(923, 'Océanne', 'Jedrachowicz'),
(924, 'Maïwenn', 'Tredget'),
(925, 'Ruò', 'Marlin'),
(926, 'Véronique', 'Antony'),
(927, 'Marie-josée', 'Herrero'),
(928, 'Marie-hélène', 'Hinge'),
(929, 'Kù', 'Collaton'),
(930, 'Intéressant', 'Camplin'),
(931, 'Ophélie', 'Adie'),
(932, 'Nélie', 'Bortolini'),
(933, 'Noëlla', 'Momery'),
(934, 'Salomé', 'Biner'),
(935, 'Gérald', 'Feast'),
(936, 'Inès', 'Varty'),
(937, 'Hélèna', 'Isaac'),
(938, 'Mylène', 'O\'Teague'),
(939, 'Bérengère', 'MacQuarrie'),
(940, 'Méng', 'Klaffs'),
(941, 'Erwéi', 'Ewart'),
(942, 'Almérinda', 'Govinlock'),
(943, 'Alizée', 'Lindermann'),
(944, 'Clélia', 'De La Coste'),
(945, 'Rébecca', 'Gipson'),
(946, 'Mylène', 'Dach'),
(947, 'Andréa', 'Stainton'),
(948, 'Mà', 'MacFadden'),
(949, 'Marie-josée', 'Meakes'),
(950, 'Mà', 'Mundle'),
(951, 'Yè', 'Dorre'),
(952, 'Judicaël', 'Friedank'),
(953, 'Torbjörn', 'Cardew'),
(954, 'Méthode', 'Manwell'),
(955, 'Yè', 'Baldin'),
(956, 'Eléa', 'Dalziel'),
(957, 'Salomé', 'Juhruke'),
(958, 'Táng', 'Townley'),
(959, 'Rébecca', 'Duigenan'),
(960, 'Uò', 'Peron'),
(961, 'Sòng', 'Kordas'),
(962, 'Crééz', 'Bonney'),
(963, 'Ophélie', 'Duffett'),
(964, 'Eléonore', 'Stansbie'),
(965, 'Agnès', 'O\'Currine'),
(966, 'Méthode', 'Jaray'),
(967, 'Naéva', 'Harriday'),
(968, 'Clélia', 'Benedetti'),
(969, 'Hélène', 'Gounod'),
(970, 'Maëlyss', 'Espinay'),
(971, 'Naëlle', 'Lacroutz'),
(972, 'Liè', 'Tomkiss'),
(973, 'Maëlann', 'Spolton'),
(974, 'Anaël', 'Crowest'),
(975, 'Marlène', 'Crang'),
(976, 'Mén', 'Pick'),
(977, 'Åke', 'Saldler'),
(978, 'Göran', 'Paxman'),
(979, 'Sòng', 'Girkin'),
(980, 'Märta', 'Langstrath'),
(981, 'Liè', 'Sweetzer'),
(982, 'Yénora', 'De Witt'),
(983, 'Zhì', 'Ravenscraft'),
(984, 'Simplifiés', 'Bousquet'),
(985, 'Zhì', 'Benz'),
(986, 'Uò', 'Claussen'),
(987, 'Bécassine', 'Legerton'),
(988, 'Måns', 'Merkle'),
(989, 'Alizée', 'Pitrollo'),
(990, 'Lài', 'Cockings'),
(991, 'Yénora', 'Moriarty'),
(992, 'Laïla', 'Stevens'),
(993, 'Léonie', 'Hewertson'),
(994, 'Styrbjörn', 'Boss'),
(995, 'Gisèle', 'Nore'),
(996, 'Mà', 'Devons'),
(997, 'Maëlys', 'Gimert'),
(998, 'Mégane', 'Devorill'),
(999, 'Faîtes', 'Wilman'),
(1000, 'Tán', 'Challenor'),
(1001, '1', 'asdas'),
(1002, '1', 'asdas');

-- --------------------------------------------------------

--
-- Tabellenstruktur für Tabelle `fahrten`
--

CREATE TABLE `fahrten` (
  `id` int(11) UNSIGNED NOT NULL,
  `datum` date NOT NULL,
  `startort` varchar(50) NOT NULL,
  `zielort` varchar(50) NOT NULL,
  `zweck` varchar(100) NOT NULL,
  `kmabfahrt` int(11) NOT NULL,
  `kmankunft` int(11) NOT NULL,
  `gefahrene_km` int(11) NOT NULL,
  `fahrer_id` int(11) UNSIGNED NOT NULL,
  `kfz_id` int(11) UNSIGNED NOT NULL,
  `tankkosten` int(11) DEFAULT NULL
) ENGINE=InnoDB DEFAULT CHARSET=utf8mb4 COLLATE=utf8mb4_general_ci;

--
-- Daten für Tabelle `fahrten`
--

INSERT INTO `fahrten` (`id`, `datum`, `startort`, `zielort`, `zweck`, `kmabfahrt`, `kmankunft`, `gefahrene_km`, `fahrer_id`, `kfz_id`, `tankkosten`) VALUES
(3, '2023-03-20', 'Kassel', 'Hamburg', 'Akquise', 18600, 19600, 999, 3, 2, 50),
(4, '2023-03-03', 'Hamburg', 'Kassel', 'Akquise', 19400, 19800, 400, 2, 3, 25),
(5, '2023-04-06', 'Münster', 'Berlin', 'Wartung', 14700, 15200, 497, 1, 1, 40),
(6, '2023-05-07', 'Kassel', 'München', 'kundenberatung', 21400, 22500, 1100, 1, 1, 80),
(7, '2023-05-07', 'Berlin', 'München', 'Wartung', 22600, 23400, 800, 3, 1, 70),
(8, '2023-03-06', 'Berlin', 'München', 'kundenberatung', 22800, 23500, 691, 1, 3, 75),
(9, '2023-03-14', 'Münster', 'Hamburg', 'Akquise', 23200, 25000, 1800, 2, 2, 60),
(10, '2023-02-28', 'kassel', 'münchen', 'freundebesuchen', 18500, 18800, 300, 3, 2, NULL),
(11, '2023-03-20', 'Kassel', 'Frankfurt', 'Akquise', 16000, 16500, 500, 3, 2, NULL),
(18, '2022-04-01', 'Linköping', 'Gangjia', 'Schamberger-Koch', 12758, 13671, 236, 56, 56, 58),
(21, '2022-05-22', 'Néa Magnisía', 'Muranovo', 'Hilll, Boyer and Schuster', 10814, 12020, 301, 227, 227, 55),
(22, '2022-05-08', 'Real', 'Marquard', 'Mertz and Sons', 13728, 13447, 446, 185, 185, 53),
(23, '2022-04-16', 'Lizhai', 'Daxing', 'Pagac Inc', 14228, 11306, 154, 110, 110, 67),
(24, '2022-07-19', 'Kansas City', 'Jatisari', 'Legros Inc', 10549, 13831, 274, 391, 391, 62),
(25, '2022-04-13', 'Giyon', 'Steinkjer', 'O\'Reilly, Renner and Parker', 13553, 11245, 185, 93, 93, 54),
(29, '2022-03-25', 'Jinzhuang', 'Itápolis', 'Hoppe, Effertz and Dicki', 13351, 14677, 129, 29, 29, 56),
(34, '2022-05-21', 'La Vega', 'Staroshcherbinovskaya', 'Windler-Effertz', 13717, 14083, 126, 224, 224, 50),
(35, '2022-04-25', 'Bohus', 'Levallois-Perret', 'Luettgen-O\'Kon', 11075, 13517, 131, 140, 140, 63),
(40, '2022-04-08', 'Novyy Nekouz', 'Yanqul', 'Sanford Inc', 11455, 13313, 399, 80, 80, 69),
(46, '2022-04-02', 'Perpignan', 'Mozelos', 'Lubowitz, Larson and White', 10546, 14122, 331, 60, 60, 58),
(51, '2022-05-24', 'La Poma', 'Lagodekhi', 'Fisher Group', 13323, 11945, 255, 229, 229, 59),
(53, '2022-06-27', 'Carazinho', 'Floda', 'Hirthe-Shields', 11302, 13286, 165, 326, 326, 63),
(55, '2022-07-13', 'Gaojiazhuang', 'Pereira', 'Runte, Wolf and Koss', 10666, 10966, 219, 363, 363, 62),
(57, '2022-04-16', 'São Marcos da Serra', 'Xianrendu', 'Berge, Emard and Price', 11345, 10548, 350, 109, 109, 52),
(60, '2022-04-02', 'Aygepat', 'Wisła', 'Deckow-Yost', 13730, 10604, 408, 61, 61, 63),
(64, '2022-03-27', 'Rochester', 'Encrucijada', 'Conn, Huels and D\'Amore', 10875, 11832, 435, 34, 34, 64),
(69, '2022-05-06', 'Jingtailu', 'Eido', 'Ziemann Group', 14945, 12101, 251, 179, 179, 59),
(71, '2022-07-15', 'Timbaúba', 'Liběšice', 'Berge-Hoeger', 13391, 13889, 151, 366, 366, 62),
(79, '2022-04-02', 'Tumba', 'Jarigue', 'Pouros Inc', 12075, 11604, 430, 59, 59, 57),
(80, '2022-06-23', 'Jingchuan Chengguanzhen', 'Néa Péramos', 'Hintz, Hammes and Harber', 12088, 13198, 147, 302, 302, 68),
(96, '2022-05-19', 'Sakchu-ŭp', 'Luleå', 'Ledner LLC', 13120, 10741, 106, 215, 215, 60),
(97, '2022-05-19', 'Taveiro', 'Piraju', 'Borer LLC', 11523, 12851, 334, 214, 214, 50),
(98, '2022-03-28', 'Kyustendil', 'Kaminoyama', 'Jaskolski Inc', 13254, 14056, 277, 40, 40, 50),
(102, '2022-05-27', 'Baoping', 'Lazaro Cardenas', 'Tromp-Dietrich', 11636, 10669, 156, 238, 238, 52),
(105, '2022-03-23', 'Banjar Kelodan', 'Shitong', 'Gleichner-Kulas', 10865, 12529, 482, 21, 21, 55),
(118, '2022-05-30', 'Pindangan Centro', 'Linköping', 'Nienow-Rohan', 12180, 14931, 154, 245, 245, 55),
(125, '2022-06-26', 'Vallentuna', 'Norsborg', 'Lueilwitz, Torphy and Rice', 14725, 11889, 195, 322, 322, 64),
(128, '2022-03-21', 'Lefengzhen', 'Semarang', 'Wyman Inc', 12217, 12079, 472, 14, 14, 51),
(129, '2022-04-23', 'Podosinovets', 'Yunxi', 'Cummings-Lueilwitz', 12510, 11102, 255, 136, 136, 58),
(133, '2022-03-28', 'Sotnikovskoye', 'Lebedyn', 'Yost, Schmidt and Kling', 13192, 14803, 317, 37, 37, 59),
(143, '2022-07-07', 'Pardesiyya', 'Dampol', 'Rohan, Walter and Turner', 14002, 10125, 495, 353, 353, 66),
(144, '2022-05-06', 'Fencheng', 'Snegiri', 'Williamson-Frami', 14563, 12879, 148, 178, 178, 59),
(149, '2022-06-24', 'Napier', 'Długosiodło', 'Botsford Inc', 11412, 14919, 410, 311, 311, 57),
(160, '2022-04-13', 'Zhengmo', 'Ohafia-Ifigh', 'Gibson, Waters and Weissnat', 11114, 11221, 186, 97, 97, 58),
(161, '2022-06-10', 'Fruitvale', 'Guará', 'Ward-Berge', 11933, 11541, 405, 273, 273, 67),
(162, '2022-05-05', 'Åhus', 'Lago da Pedra', 'Terry LLC', 12883, 12346, 264, 174, 174, 59),
(168, '2022-07-18', 'Podwilk', 'Freiburg im Breisgau', 'Orn-Predovic', 14373, 13834, 405, 386, 386, 66),
(174, '2022-05-09', 'Tshikapa', 'Puerto Tejada', 'Skiles-Gaylord', 14647, 12101, 407, 186, 186, 55),
(182, '2022-05-14', 'Santiago De Compostela', 'Fenggang', 'VonRueden and Sons', 11008, 13067, 135, 201, 201, 58),
(184, '2022-05-03', 'Huxu', 'Zopilotepe', 'Farrell, Watsica and Kohler', 11465, 14144, 155, 169, 169, 59),
(185, '2022-07-11', 'Daixi', 'Mehron', 'Ledner-Robel', 11138, 10942, 368, 359, 359, 50),
(188, '2022-04-21', 'Weitang', 'Shouzhan', 'Gleichner, Berge and Haag', 10732, 14233, 244, 129, 129, 61),
(191, '2022-04-17', 'Kallithéa', 'Xinheng', 'Cummerata Inc', 12874, 13954, 266, 114, 114, 62),
(199, '2022-04-01', 'Efeng', 'Pryazovs’ke', 'Larkin, Conn and Predovic', 13227, 12278, 124, 54, 54, 58),
(202, '2022-04-10', 'Gengzhuang', 'Hoolt', 'Witting, Bogan and Hartmann', 11598, 14564, 468, 86, 86, 51),
(213, '2022-03-23', 'Leština', 'El Bolsón', 'Ferry Inc', 14228, 11060, 119, 23, 23, 56),
(214, '2022-03-30', 'Taihua', 'Chợ Lầu', 'Cummings, Sporer and Gerlach', 11929, 10766, 235, 44, 44, 57),
(215, '2022-07-14', 'Gon’ba', 'Morawica', 'Kassulke, Kihn and Gislason', 14215, 10227, 190, 365, 365, 56),
(216, '2022-04-01', 'Shibushi', 'Zouma', 'Stamm-Welch', 13502, 11142, 111, 53, 53, 57),
(228, '2022-05-04', 'Korczew', 'Daojiang', 'Crist LLC', 14320, 14155, 121, 170, 170, 64),
(231, '2022-07-18', 'Wantian', 'Yuanbao', 'Gleason Group', 12597, 10263, 233, 387, 387, 64),
(237, '2022-03-27', 'Masiga', 'Dong’an', 'Prosacco, Frami and Zboncak', 10914, 12193, 138, 35, 35, 50),
(239, '2022-05-02', 'Zubrzyca Dolna', 'Molinos', 'Osinski, Marquardt and Mills', 10583, 13981, 407, 161, 161, 58),
(241, '2022-07-10', 'Buenavista', 'Ngenden', 'Stracke, Hackett and Kemmer', 13251, 10135, 190, 358, 358, 60),
(248, '2022-06-19', 'Xue’an', 'Sungaibengkal', 'Schaden LLC', 12947, 12185, 165, 293, 293, 60),
(250, '2022-05-02', 'Tucson', 'Fomento', 'Gibson, Murazik and Bogisich', 10235, 12358, 373, 162, 162, 70),
(252, '2022-04-25', 'Niort', 'Nha Trang', 'Sipes, Rowe and Hahn', 12359, 14546, 195, 143, 143, 68),
(254, '2022-05-19', 'Ranong', 'Jobabo', 'Conn-Schoen', 14713, 11964, 197, 218, 218, 53),
(257, '2022-05-24', 'Baiyang', 'Onomichi', 'Bins-Gleason', 12562, 13809, 306, 230, 230, 69),
(267, '2022-04-03', 'Nglego', 'Dinaig', 'Rau, Deckow and Gutmann', 14876, 12236, 453, 65, 65, 64),
(272, '2022-07-02', 'San Vicente', 'Cowansville', 'Mayer Inc', 12493, 14760, 245, 337, 337, 52),
(276, '2022-05-02', 'Zel’va', 'Krajan Caluk', 'Barrows Group', 12001, 10222, 475, 156, 156, 54),
(280, '2022-06-23', 'Pingtan', 'Lianglin', 'Hegmann Group', 12448, 11694, 332, 304, 304, 59),
(281, '2022-04-29', 'Selopuro', 'Amvrosiyivka', 'Pfannerstill-Rau', 13413, 11776, 289, 149, 149, 50),
(292, '2022-03-30', 'Kalinovskaya', 'Libei', 'Gerhold LLC', 10724, 13422, 195, 48, 48, 70),
(295, '2022-07-25', 'Ezeiza', 'Savigny-le-Temple', 'Greenfelder-Nolan', 12959, 12293, 106, 406, 406, 61),
(301, '2022-04-14', 'Thanh Chương', 'Cangkringan', 'Kohler-Cruickshank', 14853, 11753, 374, 101, 101, 57),
(309, '2022-04-26', 'Tebingtinggi', 'Lasek', 'Spinka-Mayert', 13921, 13177, 402, 145, 145, 62),
(311, '2022-04-26', 'Sabaneta', 'Chivilcoy', 'Sipes-Conn', 11752, 11861, 275, 146, 146, 59),
(319, '2022-04-05', 'Balgatay', 'Remas', 'Klocko-Effertz', 11838, 10839, 124, 69, 69, 54),
(322, '2022-07-15', 'Ryazan’', 'Kirkkonummi', 'Hoeger LLC', 11948, 13099, 475, 370, 370, 70),
(324, '2022-06-30', 'Lidköping', 'Biaoxi', 'O\'Hara-Boyer', 12545, 14762, 224, 331, 331, 53),
(330, '2022-06-11', 'Orsay', 'Arivonimamo', 'VonRueden, Moen and Schowalter', 14807, 11084, 497, 276, 276, 54),
(335, '2022-05-14', 'Kumamoto', 'Kuala Lumpur', 'Cassin-Zemlak', 12738, 11245, 478, 203, 203, 55),
(345, '2022-04-08', 'Las Heras', 'Nagbalaye', 'Hettinger-White', 13120, 14024, 388, 79, 79, 68),
(346, '2022-07-19', 'Ţammūn', 'Jiaozuo', 'O\'Keefe-Bergnaum', 14102, 10884, 359, 389, 389, 65),
(349, '2022-04-07', 'Masis', 'Haputale', 'Hansen and Sons', 11200, 11905, 165, 76, 76, 57),
(353, '2022-06-17', 'Oslo', 'Monte Azul Paulista', 'Blick, Stanton and King', 14550, 14473, 256, 292, 292, 66),
(355, '2022-04-30', 'Dauriya', 'Siluko', 'Bahringer-Runte', 11647, 11457, 222, 151, 151, 66),
(357, '2022-04-15', 'Mandiana', 'Gorzyczki', 'Stokes Group', 13872, 12830, 329, 106, 106, 58),
(358, '2022-06-04', 'Kashiwazaki', 'Lutun', 'Williamson Inc', 13285, 12448, 184, 258, 258, 69),
(359, '2022-07-06', 'Francos', 'Matviyivka', 'Vandervort, Ullrich and Von', 10016, 12966, 390, 349, 349, 62),
(360, '2022-05-05', 'Yinjiacheng', 'Pirava', 'Mueller Inc', 12922, 12528, 469, 173, 173, 56),
(362, '2022-07-22', 'Bosanski Šamac', 'Jesús María', 'Gutkowski-Pouros', 12709, 14560, 366, 397, 397, 54),
(366, '2022-07-04', 'Maqbanah', 'Tulsa', 'Connelly LLC', 10446, 13878, 285, 344, 344, 67),
(373, '2022-04-29', 'Annapolis', 'Cigembor', 'Torp-Jast', 12930, 14351, 422, 147, 147, 59),
(375, '2022-05-01', 'Metahāra', 'Belsh', 'Bogan-Bosco', 10769, 11102, 435, 153, 153, 57),
(380, '2022-05-05', 'Xingzhen', 'Lima Pampa', 'Metz-DuBuque', 10525, 14339, 168, 176, 176, 54),
(386, '2022-03-24', 'Tebara', 'Brataj', 'Glover, Koch and Schulist', 10230, 10913, 140, 28, 28, 69),
(398, '2022-07-22', 'Jarash', 'Danao', 'Johnston-Kling', 13678, 11039, 409, 398, 398, 54),
(402, '2022-05-14', 'Menzel Abderhaman', 'Shiquan', 'Roob-Breitenberg', 11918, 10889, 290, 202, 202, 51),
(409, '2022-05-21', 'Guishan', 'Huili', 'Jakubowski, Hilll and Hermann', 13409, 12758, 143, 225, 225, 55),
(419, '2022-03-22', 'Tiztoutine', 'Skerries', 'Satterfield, McCullough and Spencer', 14063, 13017, 320, 17, 17, 54),
(425, '2022-06-28', 'Gjoçaj', 'Ohrid', 'Bednar-Lehner', 10634, 14963, 329, 327, 327, 65),
(432, '2022-05-10', 'Shigou', 'Anna Regina', 'D\'Amore-Mann', 11941, 11373, 420, 190, 190, 60),
(434, '2022-07-13', 'Golmud', 'La Carlota', 'Dach and Sons', 14948, 11420, 115, 364, 364, 51),
(436, '2022-05-08', 'Barengkok Hilir', 'Chishui', 'Hermann-Nikolaus', 11597, 14927, 167, 184, 184, 52),
(439, '2022-07-16', 'Nagutskoye', 'Aguada de Pasajeros', 'Brekke-Kassulke', 12793, 11832, 254, 374, 374, 61),
(445, '2022-07-02', 'Kaga Bandoro', 'Yangzi', 'Dooley, Beatty and Hilpert', 12078, 12972, 303, 338, 338, 59),
(450, '2022-05-13', 'Ganjiang', 'Zhalinghu', 'Howell-Kilback', 14305, 13750, 142, 198, 198, 62),
(472, '2022-06-25', 'Nizhnekamsk', 'Belang', 'Mante-Deckow', 14250, 10145, 461, 313, 313, 68),
(479, '2022-05-11', 'Meishan', 'Haixing', 'O\'Kon, Zieme and Wiza', 11586, 13181, 444, 195, 195, 59),
(480, '2022-05-05', 'Norrtälje', 'Karadaglije', 'Crist, Abernathy and Abernathy', 13896, 12484, 327, 177, 177, 52),
(482, '2022-05-26', 'Majāz al Bāb', 'Barra do Garças', 'Wuckert, Beer and Hagenes', 11141, 11453, 357, 237, 237, 54),
(483, '2022-05-29', 'Fort Erie', 'Tangpu', 'Schuster, Goyette and D\'Amore', 13136, 13752, 357, 241, 241, 67),
(490, '2022-07-16', 'Seara', 'Bukomansimbi', 'Champlin Group', 13090, 12582, 422, 375, 375, 55),
(491, '2022-07-07', 'Jieshui', 'Nîmes', 'Hoppe Group', 14959, 12914, 426, 352, 352, 53),
(494, '2022-03-30', 'Kikinda', 'Naili', 'Hintz, Schroeder and McGlynn', 11592, 11179, 217, 46, 46, 65),
(496, '2022-03-25', 'Sviadnov', 'Vale das Mós', 'Farrell, Wiza and Sporer', 12161, 12774, 222, 30, 30, 59),
(510, '2022-06-21', 'La Virginia', 'Emiliano Zapata', 'Gutkowski, Ondricka and Schowalter', 12467, 14557, 351, 298, 298, 58),
(511, '2022-06-28', 'Sampaio', 'Avesta', 'Morar-Langosh', 11736, 14290, 119, 329, 329, 67),
(512, '2022-05-11', 'Sukorambi', 'Lyuban’', 'Beatty-Cassin', 11405, 13193, 111, 194, 194, 65),
(525, '2022-07-19', 'Quitilipi', 'Baliton', 'Schmeler, Schoen and Kerluke', 14660, 13581, 177, 392, 392, 59),
(536, '2022-05-10', 'Mambago', 'Borehbangle', 'Murphy-Quigley', 10211, 14540, 103, 191, 191, 50),
(537, '2022-04-12', 'Zaqatala', 'Kota Kinabalu', 'Kovacek, Little and Abbott', 11828, 13019, 467, 92, 92, 62),
(541, '2022-05-29', 'Ţalkhā', 'Lavandeira', 'Bayer LLC', 11426, 10917, 176, 243, 243, 67),
(543, '2022-05-26', 'Kungshamn', 'Kuala Belait', 'Kuhlman-Farrell', 12427, 12067, 146, 236, 236, 70),
(544, '2022-05-21', 'Guará', 'Orléans', 'Kuhic Inc', 13906, 10603, 432, 223, 223, 69),
(545, '2022-05-26', 'Bronx', 'Jomda', 'Raynor, Casper and Price', 12045, 11297, 343, 235, 235, 69),
(557, '2022-04-01', 'Tuzhai', 'Skulsk', 'Collier-Leffler', 11847, 14718, 484, 55, 55, 57),
(559, '2022-05-31', 'Luozhuang', 'Esquipulas', 'Johnston and Sons', 14195, 11967, 321, 246, 246, 66),
(561, '2022-04-20', 'Shuyuan', 'Chedao', 'Bashirian and Sons', 11307, 13061, 321, 124, 124, 67),
(576, '2022-04-15', 'Toulouse', 'Fougamou', 'Corwin and Sons', 11545, 12224, 337, 105, 105, 68),
(577, '2022-07-03', 'Charlemagne', 'Luopu', 'Hodkiewicz-Flatley', 13042, 11783, 256, 340, 340, 59),
(578, '2022-07-20', 'Macas', 'Bonak', 'Wiza Group', 10879, 13297, 133, 394, 394, 68),
(580, '2022-03-23', 'Velké Svatoňovice', 'Paris 10', 'Lockman Inc', 10449, 11131, 411, 24, 24, 58),
(584, '2022-07-05', 'Qila Abdullāh', 'Khlevnoye', 'Carter, Koss and Kovacek', 13242, 11965, 146, 346, 346, 66),
(593, '2022-04-24', 'Pandansari', '‘Alāqahdārī Kirān wa Munjān', 'Treutel, McGlynn and Robel', 10065, 14509, 430, 138, 138, 51),
(596, '2022-07-26', 'Wangkung', 'Calape', 'Nader-Mante', 11681, 14380, 293, 408, 408, 60),
(603, '2022-06-01', 'Dulce Nombre de Culmí', 'Guinsang-an', 'Watsica, Langworth and Trantow', 14055, 11671, 478, 251, 251, 65),
(604, '2022-04-13', 'Dao', 'Şabrātah', 'Olson and Sons', 14920, 14362, 167, 95, 95, 56),
(605, '2022-05-02', 'Malasiqui', 'Anfeng', 'Walker, West and Feil', 12266, 12205, 374, 159, 159, 57),
(612, '2022-07-04', 'Ryglice', 'Tarouca', 'Gibson-Ortiz', 11690, 10549, 444, 343, 343, 53),
(615, '2022-04-23', 'Andongsari', 'Hamburg Winterhude', 'Runte, Prosacco and O\'Reilly', 14664, 12762, 349, 135, 135, 55),
(621, '2022-07-01', 'Huangzhuang', 'Vallauris', 'Walter, Rippin and Lang', 12802, 13304, 133, 332, 332, 65),
(624, '2022-05-03', 'Westonaria', 'Jingkou', 'Gleason Group', 10193, 10163, 433, 168, 168, 50),
(630, '2022-05-22', 'Thatèng', 'Kalodzishchy', 'Huel, Heller and Price', 13463, 12022, 481, 228, 228, 68),
(636, '2022-04-14', 'Rennes', 'Cleveland', 'Shanahan, Flatley and Boehm', 11195, 12106, 478, 102, 102, 54),
(638, '2022-04-20', 'Yeosu', 'Jardim da Serra', 'Beatty and Sons', 13044, 13559, 241, 125, 125, 70),
(641, '2022-06-10', 'Mirpur Khas', 'Boissevain', 'Casper, Roob and Bergnaum', 11266, 10849, 188, 272, 272, 70),
(642, '2022-07-18', 'Smolino', 'Artsvaberd', 'Nader-Mosciski', 10221, 14384, 492, 383, 383, 59),
(650, '2022-04-18', 'Malāyer', 'Bayang', 'Ankunding, Herman and Kutch', 10473, 13151, 218, 118, 118, 67),
(651, '2022-05-07', 'Koungheul', 'Cuntan', 'Rogahn Group', 13148, 14189, 364, 182, 182, 70),
(652, '2022-06-07', 'Kotakaya Dua', 'Valence', 'Walsh, Lindgren and Donnelly', 14047, 10702, 322, 267, 267, 65),
(655, '2022-03-28', 'São Pedro', 'Duwakkandung', 'Cummings Inc', 14569, 13978, 159, 38, 38, 51),
(657, '2022-05-19', 'Łagów', 'Gexi', 'Zboncak-Green', 13001, 13638, 269, 213, 213, 67),
(661, '2022-04-08', 'Pulau Tiga', 'Gubuk Daya', 'Nikolaus-Conn', 12040, 14951, 109, 78, 78, 62),
(671, '2022-04-01', 'Kalunan', 'Loutrá', 'Luettgen Group', 14655, 14458, 183, 57, 57, 61),
(672, '2022-06-25', 'Magok', 'Valence', 'Carroll-Kiehn', 11538, 10860, 175, 312, 312, 68),
(676, '2022-06-03', 'Xigebi', 'Qingshanhu', 'Stiedemann, Batz and Wolf', 10992, 12218, 186, 257, 257, 59),
(691, '2022-03-29', 'Gampingan', 'Mucllo', 'Dach-Satterfield', 13441, 14708, 374, 42, 42, 70),
(694, '2022-07-06', 'Yefremov', 'Thessaloníki', 'Willms LLC', 10103, 13659, 399, 348, 348, 52),
(698, '2022-06-26', 'Takatsuki', 'Xinjie', 'Willms Inc', 10329, 14143, 158, 321, 321, 62),
(699, '2022-03-23', 'Polyarnyy', 'Alpatovo', 'King-Stark', 13648, 11026, 103, 25, 25, 62),
(701, '2022-05-09', 'Qiqian', 'Ljungskile', 'Franecki Inc', 13706, 11081, 358, 187, 187, 65),
(705, '2022-03-28', 'Tralee', 'Walton', 'Marquardt, Heller and Crona', 14415, 14412, 101, 41, 41, 63),
(715, '2022-07-18', 'Lamas', 'Bonthe', 'Funk-Homenick', 12873, 13620, 321, 388, 388, 59),
(716, '2022-04-16', 'Cacoal', 'Wulan Haye', 'Harris LLC', 13710, 12691, 247, 107, 107, 66),
(718, '2022-03-24', 'Kajisara', 'Tecpán Guatemala', 'Greenfelder LLC', 11773, 12394, 244, 27, 27, 60),
(723, '2022-04-13', 'Binalonan', 'Kristianstad', 'Swaniawski-Gleichner', 14130, 11195, 333, 96, 96, 58),
(725, '2022-06-20', 'Vlissingen', 'Santa Fe', 'Conroy-Orn', 11603, 14147, 194, 296, 296, 55),
(731, '2022-07-09', 'Waihi Beach', 'Serzedo', 'Schowalter-Roob', 11223, 11754, 118, 357, 357, 51),
(734, '2022-06-14', 'Cherëmushki', 'An Naşr', 'Mertz LLC', 13424, 13114, 110, 281, 281, 57),
(745, '2022-07-24', 'Bodeh', 'Aknoul', 'Stamm-Reichel', 10226, 10182, 230, 402, 402, 50),
(749, '2022-03-23', 'Karlstad', 'Almeirim', 'Bogan-Murazik', 10318, 14497, 402, 22, 22, 68),
(751, '2022-05-02', 'Jarošov nad Nežárkou', 'Mathakola', 'Rogahn, Weber and Kunze', 11123, 10595, 175, 158, 158, 57),
(755, '2022-06-23', 'Bunutan', 'Schengen', 'Kirlin-Gorczany', 14526, 11307, 390, 301, 301, 52),
(760, '2022-04-15', 'Ndungu', 'Vol’no-Nadezhdinskoye', 'Klocko, Gleason and Hilll', 14688, 10860, 353, 104, 104, 60),
(766, '2022-07-19', 'Melun', 'Shuangxing', 'Beatty, Crooks and Mueller', 10282, 14519, 298, 393, 393, 52),
(776, '2022-04-18', 'Looc', 'Panjakent', 'Emard, McCullough and Reinger', 14680, 12831, 440, 119, 119, 65),
(777, '2022-07-17', 'Ḩalabjah', 'København', 'Littel Group', 14039, 13745, 216, 379, 379, 56),
(780, '2022-07-17', 'Ronggui', 'Farkaždin', 'Kutch, Kiehn and Kohler', 12193, 11491, 348, 380, 380, 67),
(789, '2022-06-04', 'Taiyanghe', 'Shishan', 'Cummerata, Balistreri and Skiles', 11057, 11639, 330, 259, 259, 57),
(793, '2022-05-07', 'Sundumbili', 'Yelizavetinskaya', 'Conn-Koch', 12727, 11359, 248, 181, 181, 62),
(801, '2022-04-22', 'Storuman', 'Dessalines', 'McDermott-Daniel', 12638, 10399, 313, 133, 133, 61),
(810, '2022-06-14', 'Huangcun', 'Sieroszewice', 'Osinski, Kertzmann and Ryan', 10888, 10778, 124, 282, 282, 56),
(813, '2022-04-02', 'Nam Som', 'Ciudad Bolívar', 'Lynch-Kshlerin', 11413, 13952, 229, 64, 64, 50),
(815, '2022-06-16', 'Hrádek', 'Thới Bình', 'Durgan, Wilderman and Zulauf', 10912, 10755, 346, 286, 286, 59),
(820, '2022-07-17', 'Palma De Mallorca', 'Dongluqiao', 'MacGyver, Pagac and Renner', 11427, 10240, 254, 377, 377, 58),
(830, '2022-04-20', 'Gourcy', 'Hønefoss', 'Wehner, Gibson and Parker', 12191, 10582, 209, 126, 126, 62),
(832, '2022-06-06', 'Tamra', 'Lorena', 'Mitchell Group', 12687, 14365, 225, 265, 265, 63),
(833, '2022-06-02', 'Manadas', 'Grzęska', 'Collins LLC', 14032, 13461, 166, 254, 254, 60),
(839, '2022-06-01', 'Anda', 'Água Preta', 'Willms Group', 14157, 10504, 434, 250, 250, 62),
(840, '2022-06-06', 'Sungaimaja', 'Flora', 'Sawayn, Goodwin and Reichel', 11974, 14327, 272, 266, 266, 69),
(845, '2022-03-21', 'Lagoa', 'Bahay Pare', 'Mueller, Lehner and Pollich', 14750, 13127, 350, 15, 15, 57),
(849, '2022-03-22', 'Stará Paka', 'Banakaja', 'Torphy, Bashirian and Marvin', 14054, 14373, 500, 18, 18, 61),
(856, '2022-04-05', 'Baraçais', 'Austin', 'Kuphal, Cole and Gaylord', 14919, 11923, 383, 71, 71, 62),
(858, '2022-04-18', 'Anjirserapat', 'Gimbi', 'Bode LLC', 12081, 12549, 376, 120, 120, 52),
(870, '2022-04-22', 'Shiniu', 'Karangtengah Lor', 'Pagac and Sons', 12482, 10670, 157, 134, 134, 57),
(871, '2022-07-18', 'Megalópoli', 'Miaotang', 'Dare-Rosenbaum', 14829, 11305, 311, 384, 384, 58),
(885, '2022-07-03', 'Bruxelles', 'Tortosendo', 'Keebler-Russel', 14583, 13123, 451, 339, 339, 65),
(886, '2022-05-03', 'San Agustin', 'Maghār', 'Rogahn, Blick and Hahn', 13756, 10526, 341, 163, 163, 67),
(896, '2022-05-28', 'Retkovci', 'Chengtian', 'Ankunding-Rath', 11128, 10707, 209, 240, 240, 62),
(898, '2022-06-02', 'Milton', 'Limulan', 'Kohler-Keebler', 10345, 10289, 185, 255, 255, 63),
(904, '2022-07-13', 'Cisalak', 'Poitiers', 'Schmitt-Fritsch', 12030, 11194, 391, 362, 362, 62),
(909, '2022-04-14', 'Mariscala', 'Loikaw', 'West, Zieme and Kshlerin', 10667, 13293, 265, 100, 100, 57),
(918, '2022-07-21', 'Lavia', 'Stockholm', 'Runolfsdottir-Berge', 12527, 12526, 368, 395, 395, 50),
(926, '2022-04-17', 'Darungan', 'Lille', 'Beer, Gerhold and Koss', 13725, 11110, 366, 112, 112, 53),
(929, '2022-05-14', 'Dire Dawa', 'Kibre Mengist', 'Kovacek-Wilderman', 13689, 10628, 471, 204, 204, 67),
(937, '2022-06-29', 'Constanza', 'Kutasari', 'Towne Group', 12701, 12701, 487, 330, 330, 70),
(943, '2022-03-22', 'Harrisburg', 'Bukomansimbi', 'Rowe-Williamson', 13234, 14979, 257, 20, 20, 54),
(947, '2022-03-31', 'Xiyuan', 'Yesan', 'Lueilwitz, Cruickshank and Anderson', 12431, 11512, 172, 51, 51, 68),
(949, '2022-04-26', 'Bayaguana', 'Kalidawe', 'Harvey and Sons', 14193, 11467, 241, 144, 144, 58),
(955, '2022-06-02', 'Huangtugang', 'Chornukhyne', 'Hamill, Strosin and Connelly', 12812, 12879, 131, 252, 252, 58),
(959, '2022-06-21', 'Kuching', 'Linares', 'Ebert-Fritsch', 11945, 10759, 443, 297, 297, 60),
(960, '2022-05-03', 'Uppsala', 'Soly', 'Abbott, Rath and Leuschke', 13354, 12725, 152, 164, 164, 57),
(962, '2022-06-13', 'Sebina', 'Haguenau', 'Parker, Murray and Botsford', 13362, 12704, 172, 280, 280, 69),
(978, '2022-07-01', 'Uglyanets', 'Yŏnan-ŭp', 'Conroy, Rohan and Gusikowski', 13014, 11398, 368, 333, 333, 61),
(979, '2022-04-13', 'Tuusniemi', 'Levandeira', 'Bode Inc', 10613, 14104, 214, 98, 98, 56),
(980, '2022-05-02', 'Laohugang', 'Taunan', 'Heller LLC', 11700, 14245, 112, 160, 160, 61),
(982, '2022-05-03', 'Salimbao', 'Sepahua', 'Lueilwitz and Sons', 10716, 13749, 293, 167, 167, 60),
(989, '2022-07-25', 'Goascorán', 'Angers', 'Torp-Schmidt', 13176, 12756, 388, 405, 405, 62),
(991, '2022-05-03', 'Star’', 'Lyon', 'Padberg Inc', 13200, 14621, 462, 166, 166, 64),
(992, '2022-07-04', 'Ngchesar Hamlet', 'Chajarí', 'Harber, Runte and Conroy', 14057, 11566, 476, 342, 342, 62),
(996, '2022-07-18', 'Colima', 'Mutatá', 'Will-Shields', 11333, 14878, 404, 382, 382, 50);

-- --------------------------------------------------------

--
-- Tabellenstruktur für Tabelle `kfz`
--

CREATE TABLE `kfz` (
  `id` int(11) UNSIGNED NOT NULL,
  `kennzeichen` varchar(10) NOT NULL
) ENGINE=InnoDB DEFAULT CHARSET=utf8mb4 COLLATE=utf8mb4_general_ci;

--
-- Daten für Tabelle `kfz`
--

INSERT INTO `kfz` (`id`, `kennzeichen`) VALUES
(1, 'ks-ad-100'),
(2, 'ks-tk-200'),
(3, 'ks-ag-300'),
(14, 'KS-HM-770'),
(15, 'KS-HM-789'),
(17, 'KS-HM-692'),
(18, 'KS-HM-44'),
(20, 'KS-HM-735'),
(21, 'KS-HM-215'),
(22, 'KS-HM-173'),
(23, 'KS-HM-98'),
(24, 'KS-HM-316'),
(25, 'KS-HM-81'),
(27, 'KS-HM-252'),
(28, 'KS-HM-615'),
(29, 'KS-HM-17'),
(30, 'KS-HM-560'),
(34, 'KS-HM-212'),
(35, 'KS-HM-128'),
(37, 'KS-HM-471'),
(38, 'KS-HM-472'),
(39, 'KS-HM-872'),
(40, 'KS-HM-68'),
(41, 'KS-HM-209'),
(42, 'KS-HM-647'),
(44, 'KS-HM-587'),
(46, 'KS-HM-48'),
(48, 'KS-HM-459'),
(50, 'KS-HM-214'),
(51, 'KS-HM-217'),
(53, 'KS-HM-314'),
(54, 'KS-HM-63'),
(55, 'KS-HM-351'),
(56, 'KS-HM-901'),
(57, 'KS-HM-97'),
(59, 'KS-HM-21'),
(60, 'KS-HM-49'),
(61, 'KS-HM-488'),
(64, 'KS-HM-22'),
(65, 'KS-HM-109'),
(69, 'KS-HM-167'),
(71, 'KS-HM-277'),
(76, 'KS-HM-20'),
(78, 'KS-HM-699'),
(79, 'KS-HM-47'),
(80, 'KS-HM-163'),
(86, 'KS-HM-467'),
(92, 'KS-HM-210'),
(93, 'KS-HM-140'),
(95, 'KS-HM-706'),
(96, 'KS-HM-203'),
(97, 'KS-HM-202'),
(98, 'KS-HM-28'),
(100, 'KS-HM-866'),
(101, 'KS-HM-119'),
(102, 'KS-HM-226'),
(104, 'KS-HM-428'),
(105, 'KS-HM-9'),
(106, 'KS-HM-829'),
(107, 'KS-HM-620'),
(109, 'KS-HM-468'),
(110, 'KS-HM-608'),
(112, 'KS-HM-479'),
(114, 'KS-HM-60'),
(118, 'KS-HM-233'),
(119, 'KS-HM-684'),
(120, 'KS-HM-794'),
(124, 'KS-HM-906'),
(125, 'KS-HM-310'),
(126, 'KS-HM-700'),
(128, 'KS-HM-2'),
(129, 'KS-HM-7'),
(133, 'KS-HM-25'),
(134, 'KS-HM-618'),
(135, 'KS-HM-668'),
(136, 'KS-HM-403'),
(138, 'KS-HM-19'),
(140, 'KS-HM-591'),
(143, 'KS-HM-205'),
(144, 'KS-HM-166'),
(145, 'KS-HM-695'),
(146, 'KS-HM-983'),
(147, 'KS-HM-533'),
(149, 'KS-HM-271'),
(151, 'KS-HM-445'),
(153, 'KS-HM-422'),
(156, 'KS-HM-103'),
(158, 'KS-HM-524'),
(159, 'KS-HM-125'),
(160, 'KS-HM-85'),
(161, 'KS-HM-261'),
(162, 'KS-HM-162'),
(163, 'KS-HM-548'),
(164, 'KS-HM-862'),
(166, 'KS-HM-360'),
(167, 'KS-HM-850'),
(168, 'KS-HM-374'),
(169, 'KS-HM-562'),
(170, 'KS-HM-33'),
(172, 'KS-HM-485'),
(173, 'KS-HM-873'),
(174, 'KS-HM-174'),
(176, 'KS-HM-547'),
(177, 'KS-HM-464'),
(178, 'KS-HM-812'),
(179, 'KS-HM-483'),
(180, 'KS-HM-863'),
(181, 'KS-HM-344'),
(182, 'KS-HM-189'),
(184, 'KS-HM-157'),
(185, 'KS-HM-347'),
(186, 'KS-HM-293'),
(187, 'KS-HM-927'),
(188, 'KS-HM-117'),
(190, 'KS-HM-70'),
(191, 'KS-HM-102'),
(194, 'KS-HM-462'),
(195, 'KS-HM-335'),
(198, 'KS-HM-491'),
(199, 'KS-HM-42'),
(201, 'KS-HM-811'),
(202, 'KS-HM-74'),
(203, 'KS-HM-76'),
(204, 'KS-HM-61'),
(209, 'KS-HM-77'),
(211, 'KS-HM-846'),
(213, 'KS-HM-11'),
(214, 'KS-HM-32'),
(215, 'KS-HM-353'),
(216, 'KS-HM-41'),
(218, 'KS-HM-195'),
(223, 'KS-HM-622'),
(224, 'KS-HM-91'),
(225, 'KS-HM-427'),
(227, 'KS-HM-732'),
(228, 'KS-HM-158'),
(229, 'KS-HM-791'),
(230, 'KS-HM-521'),
(231, 'KS-HM-375'),
(232, 'KS-HM-651'),
(235, 'KS-HM-556'),
(236, 'KS-HM-683'),
(237, 'KS-HM-23'),
(238, 'KS-HM-936'),
(239, 'KS-HM-149'),
(240, 'KS-HM-997'),
(241, 'KS-HM-188'),
(243, 'KS-HM-595'),
(245, 'KS-HM-99'),
(246, 'KS-HM-432'),
(248, 'KS-HM-281'),
(250, 'KS-HM-150'),
(251, 'KS-HM-194'),
(252, 'KS-HM-131'),
(254, 'KS-HM-206'),
(255, 'KS-HM-58'),
(256, 'KS-HM-627'),
(257, 'KS-HM-218'),
(258, 'KS-HM-399'),
(259, 'KS-HM-784'),
(265, 'KS-HM-484'),
(266, 'KS-HM-384'),
(267, 'KS-HM-53'),
(269, 'KS-HM-686'),
(272, 'KS-HM-325'),
(273, 'KS-HM-782'),
(274, 'KS-HM-638'),
(276, 'KS-HM-144'),
(278, 'KS-HM-599'),
(280, 'KS-HM-292'),
(281, 'KS-HM-137'),
(282, 'KS-HM-767'),
(285, 'KS-HM-272'),
(286, 'KS-HM-136'),
(288, 'KS-HM-359'),
(291, 'KS-HM-275'),
(292, 'KS-HM-36'),
(293, 'KS-HM-981'),
(295, 'KS-HM-394'),
(296, 'KS-HM-972'),
(297, 'KS-HM-305'),
(298, 'KS-HM-646'),
(301, 'KS-HM-89'),
(302, 'KS-HM-482'),
(304, 'KS-HM-443'),
(307, 'KS-HM-592'),
(309, 'KS-HM-133'),
(311, 'KS-HM-134'),
(312, 'KS-HM-487'),
(313, 'KS-HM-685'),
(314, 'KS-HM-666'),
(319, 'KS-HM-4'),
(321, 'KS-HM-529'),
(322, 'KS-HM-358'),
(324, 'KS-HM-319'),
(326, 'KS-HM-571'),
(327, 'KS-HM-82'),
(329, 'KS-HM-513'),
(330, 'KS-HM-264'),
(331, 'KS-HM-522'),
(332, 'KS-HM-725'),
(333, 'KS-HM-920'),
(335, 'KS-HM-191'),
(337, 'KS-HM-481'),
(338, 'KS-HM-705'),
(339, 'KS-HM-578'),
(340, 'KS-HM-675'),
(342, 'KS-HM-419'),
(343, 'KS-HM-946'),
(344, 'KS-HM-447'),
(345, 'KS-HM-67'),
(346, 'KS-HM-377'),
(348, 'KS-HM-799'),
(349, 'KS-HM-64'),
(350, 'KS-HM-830'),
(352, 'KS-HM-751'),
(353, 'KS-HM-280'),
(355, 'KS-HM-139'),
(357, 'KS-HM-94'),
(358, 'KS-HM-246'),
(359, 'KS-HM-337'),
(360, 'KS-HM-161'),
(361, 'KS-HM-602'),
(362, 'KS-HM-385'),
(363, 'KS-HM-766'),
(364, 'KS-HM-519'),
(365, 'KS-HM-762'),
(366, 'KS-HM-332'),
(369, 'KS-HM-440'),
(370, 'KS-HM-424'),
(373, 'KS-HM-135'),
(374, 'KS-HM-62'),
(375, 'KS-HM-141'),
(377, 'KS-HM-291'),
(379, 'KS-HM-771'),
(380, 'KS-HM-164'),
(381, 'KS-HM-541'),
(382, 'KS-HM-876'),
(383, 'KS-HM-564'),
(384, 'KS-HM-177'),
(386, 'KS-HM-16'),
(387, 'KS-HM-546'),
(388, 'KS-HM-724'),
(389, 'KS-HM-452'),
(391, 'KS-HM-727'),
(392, 'KS-HM-490'),
(393, 'KS-HM-446'),
(394, 'KS-HM-566'),
(395, 'KS-HM-356'),
(397, 'KS-HM-73'),
(398, 'KS-HM-386'),
(402, 'KS-HM-190'),
(403, 'KS-HM-536'),
(404, 'KS-HM-404'),
(405, 'KS-HM-691'),
(406, 'KS-HM-342'),
(408, 'KS-HM-792'),
(409, 'KS-HM-213'),
(410, 'KS-HM-463'),
(412, 'KS-HM-616'),
(416, 'KS-HM-797'),
(417, 'KS-HM-897'),
(418, 'KS-HM-614'),
(419, 'KS-HM-5'),
(421, 'KS-HM-525'),
(422, 'KS-HM-550'),
(424, 'KS-HM-51'),
(425, 'KS-HM-315'),
(426, 'KS-HM-55'),
(427, 'KS-HM-710'),
(429, 'KS-HM-918'),
(432, 'KS-HM-178'),
(434, 'KS-HM-75'),
(436, 'KS-HM-172'),
(439, 'KS-HM-362'),
(440, 'KS-HM-775'),
(443, 'KS-HM-436'),
(444, 'KS-HM-514'),
(445, 'KS-HM-326'),
(447, 'KS-HM-722'),
(448, 'KS-HM-982'),
(450, 'KS-HM-129'),
(454, 'KS-HM-898'),
(457, 'KS-HM-153'),
(460, 'KS-HM-882'),
(461, 'KS-HM-389'),
(462, 'KS-HM-555'),
(463, 'KS-HM-617'),
(465, 'KS-HM-241'),
(468, 'KS-HM-263'),
(469, 'KS-HM-952'),
(470, 'KS-HM-980'),
(471, 'KS-HM-676'),
(472, 'KS-HM-184'),
(473, 'KS-HM-963'),
(476, 'KS-HM-855'),
(477, 'KS-HM-916'),
(479, 'KS-HM-183'),
(480, 'KS-HM-165'),
(481, 'KS-HM-623'),
(482, 'KS-HM-225'),
(483, 'KS-HM-229'),
(484, 'KS-HM-145'),
(485, 'KS-HM-973'),
(488, 'KS-HM-856'),
(489, 'KS-HM-278'),
(490, 'KS-HM-363'),
(491, 'KS-HM-340'),
(494, 'KS-HM-34'),
(496, 'KS-HM-18'),
(497, 'KS-HM-750'),
(498, 'KS-HM-702'),
(499, 'KS-HM-682'),
(501, 'KS-HM-790'),
(502, 'KS-HM-442'),
(503, 'KS-HM-416'),
(504, 'KS-HM-559'),
(506, 'KS-HM-845'),
(507, 'KS-HM-756'),
(509, 'KS-HM-607'),
(510, 'KS-HM-286'),
(511, 'KS-HM-317'),
(512, 'KS-HM-182'),
(514, 'KS-HM-659'),
(517, 'KS-HM-764'),
(518, 'KS-HM-690'),
(519, 'KS-HM-609'),
(520, 'KS-HM-708'),
(521, 'KS-HM-115'),
(524, 'KS-HM-545'),
(525, 'KS-HM-380'),
(526, 'KS-HM-429'),
(528, 'KS-HM-56'),
(533, 'KS-HM-50'),
(536, 'KS-HM-179'),
(537, 'KS-HM-80'),
(538, 'KS-HM-652'),
(539, 'KS-HM-880'),
(541, 'KS-HM-231'),
(543, 'KS-HM-224'),
(544, 'KS-HM-211'),
(545, 'KS-HM-223'),
(546, 'KS-HM-736'),
(547, 'KS-HM-104'),
(548, 'KS-HM-14'),
(549, 'KS-HM-474'),
(550, 'KS-HM-402'),
(552, 'KS-HM-504'),
(553, 'KS-HM-486'),
(554, 'KS-HM-900'),
(556, 'KS-HM-827'),
(557, 'KS-HM-43'),
(558, 'KS-HM-640'),
(559, 'KS-HM-234'),
(560, 'KS-HM-230'),
(561, 'KS-HM-112'),
(562, 'KS-HM-586'),
(565, 'KS-HM-405'),
(567, 'KS-HM-527'),
(568, 'KS-HM-118'),
(570, 'KS-HM-526'),
(572, 'KS-HM-763'),
(573, 'KS-HM-477'),
(574, 'KS-HM-575'),
(576, 'KS-HM-93'),
(577, 'KS-HM-328'),
(578, 'KS-HM-382'),
(580, 'KS-HM-12'),
(584, 'KS-HM-334'),
(587, 'KS-HM-181'),
(588, 'KS-HM-999'),
(590, 'KS-HM-728'),
(592, 'KS-HM-626'),
(593, 'KS-HM-126'),
(595, 'KS-HM-110'),
(596, 'KS-HM-396'),
(597, 'KS-HM-818'),
(599, 'KS-HM-433'),
(600, 'KS-HM-909'),
(602, 'KS-HM-259'),
(603, 'KS-HM-239'),
(604, 'KS-HM-83'),
(605, 'KS-HM-147'),
(606, 'KS-HM-678'),
(607, 'KS-HM-306'),
(611, 'KS-HM-672'),
(612, 'KS-HM-331'),
(614, 'KS-HM-200'),
(615, 'KS-HM-123'),
(617, 'KS-HM-499'),
(618, 'KS-HM-711'),
(621, 'KS-HM-232'),
(622, 'KS-HM-610'),
(623, 'KS-HM-461'),
(624, 'KS-HM-156'),
(625, 'KS-HM-196'),
(627, 'KS-HM-339'),
(628, 'KS-HM-621'),
(629, 'KS-HM-840'),
(630, 'KS-HM-216'),
(631, 'KS-HM-713'),
(633, 'KS-HM-875'),
(634, 'KS-HM-465'),
(636, 'KS-HM-90'),
(638, 'KS-HM-113'),
(639, 'KS-HM-138'),
(640, 'KS-HM-781'),
(641, 'KS-HM-260'),
(642, 'KS-HM-371'),
(643, 'KS-HM-959'),
(644, 'KS-HM-185'),
(646, 'KS-HM-530'),
(647, 'KS-HM-378'),
(649, 'KS-HM-604'),
(650, 'KS-HM-106'),
(651, 'KS-HM-170'),
(652, 'KS-HM-255'),
(653, 'KS-HM-677'),
(654, 'KS-HM-502'),
(655, 'KS-HM-26'),
(656, 'KS-HM-437'),
(657, 'KS-HM-201'),
(659, 'KS-HM-159'),
(660, 'KS-HM-476'),
(661, 'KS-HM-66'),
(666, 'KS-HM-730'),
(669, 'KS-HM-544'),
(671, 'KS-HM-45'),
(672, 'KS-HM-300'),
(676, 'KS-HM-245'),
(677, 'KS-HM-105'),
(681, 'KS-HM-72'),
(683, 'KS-HM-956'),
(688, 'KS-HM-796'),
(689, 'KS-HM-870'),
(691, 'KS-HM-30'),
(693, 'KS-HM-645'),
(694, 'KS-HM-336'),
(695, 'KS-HM-857'),
(698, 'KS-HM-309'),
(699, 'KS-HM-13'),
(701, 'KS-HM-175'),
(702, 'KS-HM-540'),
(705, 'KS-HM-29'),
(706, 'KS-HM-450'),
(708, 'KS-HM-828'),
(709, 'KS-HM-258'),
(710, 'KS-HM-588'),
(711, 'KS-HM-574'),
(712, 'KS-HM-287'),
(715, 'KS-HM-376'),
(716, 'KS-HM-95'),
(718, 'KS-HM-15'),
(719, 'KS-HM-505'),
(720, 'KS-HM-208'),
(721, 'KS-HM-410'),
(722, 'KS-HM-142'),
(723, 'KS-HM-84'),
(725, 'KS-HM-284'),
(727, 'KS-HM-143'),
(728, 'KS-HM-35'),
(731, 'KS-HM-345'),
(732, 'KS-HM-24'),
(734, 'KS-HM-269'),
(737, 'KS-HM-407'),
(739, 'KS-HM-624'),
(741, 'KS-HM-508'),
(742, 'KS-HM-449'),
(743, 'KS-HM-630'),
(744, 'KS-HM-847'),
(745, 'KS-HM-101'),
(749, 'KS-HM-10'),
(751, 'KS-HM-146'),
(754, 'KS-HM-877'),
(755, 'KS-HM-289'),
(756, 'KS-HM-37'),
(758, 'KS-HM-594'),
(759, 'KS-HM-111'),
(760, 'KS-HM-92'),
(762, 'KS-HM-642'),
(766, 'KS-HM-381'),
(767, 'KS-HM-628'),
(768, 'KS-HM-426'),
(775, 'KS-HM-795'),
(776, 'KS-HM-107'),
(777, 'KS-HM-367'),
(778, 'KS-HM-423'),
(780, 'KS-HM-368'),
(781, 'KS-HM-899'),
(782, 'KS-HM-500'),
(783, 'KS-HM-531'),
(787, 'KS-HM-605'),
(789, 'KS-HM-247'),
(791, 'KS-HM-776'),
(792, 'KS-HM-719'),
(793, 'KS-HM-169'),
(796, 'KS-HM-778'),
(798, 'KS-HM-611'),
(800, 'KS-HM-171'),
(801, 'KS-HM-121'),
(806, 'KS-HM-503'),
(807, 'KS-HM-577'),
(808, 'KS-HM-130'),
(810, 'KS-HM-270'),
(813, 'KS-HM-46'),
(815, 'KS-HM-274'),
(816, 'KS-HM-207'),
(819, 'KS-HM-902'),
(820, 'KS-HM-69'),
(821, 'KS-HM-469'),
(824, 'KS-HM-825'),
(825, 'KS-HM-861'),
(826, 'KS-HM-298'),
(827, 'KS-HM-221'),
(828, 'KS-HM-456'),
(829, 'KS-HM-824'),
(830, 'KS-HM-114'),
(831, 'KS-HM-235'),
(832, 'KS-HM-253'),
(833, 'KS-HM-242'),
(839, 'KS-HM-238'),
(840, 'KS-HM-254'),
(841, 'KS-HM-838'),
(844, 'KS-HM-498'),
(845, 'KS-HM-3'),
(847, 'KS-HM-864'),
(848, 'KS-HM-783'),
(849, 'KS-HM-6'),
(852, 'KS-HM-817'),
(856, 'KS-HM-59'),
(857, 'KS-HM-949'),
(858, 'KS-HM-108'),
(859, 'KS-HM-581'),
(860, 'KS-HM-256'),
(861, 'KS-HM-296'),
(863, 'KS-HM-964'),
(864, 'KS-HM-664'),
(866, 'KS-HM-579'),
(870, 'KS-HM-122'),
(871, 'KS-HM-1'),
(872, 'KS-HM-689'),
(873, 'KS-HM-444'),
(874, 'KS-HM-558'),
(876, 'KS-HM-925'),
(877, 'KS-HM-637'),
(879, 'KS-HM-120'),
(880, 'KS-HM-589'),
(882, 'KS-HM-907'),
(885, 'KS-HM-327'),
(886, 'KS-HM-87'),
(887, 'KS-HM-563'),
(889, 'KS-HM-425'),
(894, 'KS-HM-809'),
(895, 'KS-HM-79'),
(896, 'KS-HM-228'),
(898, 'KS-HM-243'),
(900, 'KS-HM-674'),
(901, 'KS-HM-78'),
(903, 'KS-HM-406'),
(904, 'KS-HM-350'),
(908, 'KS-HM-687'),
(909, 'KS-HM-88'),
(910, 'KS-HM-411'),
(911, 'KS-HM-40'),
(913, 'KS-HM-786'),
(917, 'KS-HM-644'),
(918, 'KS-HM-383'),
(921, 'KS-HM-567'),
(922, 'KS-HM-961'),
(924, 'KS-HM-267'),
(926, 'KS-HM-100'),
(927, 'KS-HM-596'),
(929, 'KS-HM-192'),
(930, 'KS-HM-881'),
(932, 'KS-HM-413'),
(933, 'KS-HM-248'),
(934, 'KS-HM-606'),
(935, 'KS-HM-408'),
(937, 'KS-HM-318'),
(938, 'KS-HM-673'),
(940, 'KS-HM-733'),
(942, 'KS-HM-814'),
(943, 'KS-HM-8'),
(947, 'KS-HM-39'),
(949, 'KS-HM-132'),
(950, 'KS-HM-496'),
(951, 'KS-HM-940'),
(952, 'KS-HM-748'),
(954, 'KS-HM-31'),
(955, 'KS-HM-240'),
(957, 'KS-HM-304'),
(958, 'KS-HM-520'),
(959, 'KS-HM-285'),
(960, 'KS-HM-152'),
(961, 'KS-HM-931'),
(962, 'KS-HM-268'),
(963, 'KS-HM-71'),
(965, 'KS-HM-597'),
(966, 'KS-HM-54'),
(967, 'KS-HM-681'),
(969, 'KS-HM-660'),
(970, 'KS-HM-987'),
(971, 'KS-HM-661'),
(973, 'KS-HM-308'),
(974, 'KS-HM-324'),
(976, 'KS-HM-512'),
(978, 'KS-HM-321'),
(979, 'KS-HM-86'),
(980, 'KS-HM-148'),
(982, 'KS-HM-155'),
(985, 'KS-HM-193'),
(986, 'KS-HM-222'),
(987, 'KS-HM-590'),
(989, 'KS-HM-393'),
(991, 'KS-HM-154'),
(992, 'KS-HM-330'),
(996, 'KS-HM-370'),
(997, 'KS-HM-853'),
(999, 'KS-HM-237'),
(1000, 'KS-HM-65'),
(1002, 'kennzeiche'),
(1003, 'kennzeiche');

-- --------------------------------------------------------

--
-- Tabellenstruktur für Tabelle `users`
--

CREATE TABLE `users` (
  `user_id` int(11) NOT NULL,
  `username` text NOT NULL,
  `password` text NOT NULL
) ENGINE=InnoDB DEFAULT CHARSET=utf8mb4 COLLATE=utf8mb4_general_ci;

--
-- Daten für Tabelle `users`
--

INSERT INTO `users` (`user_id`, `username`, `password`) VALUES
(1, 'admin', 'admin'),
(2, 'ahmad', 'fahrtenbuch');

--
-- Indizes der exportierten Tabellen
--

--
-- Indizes für die Tabelle `fahrer`
--
ALTER TABLE `fahrer`
  ADD PRIMARY KEY (`id`);

--
-- Indizes für die Tabelle `fahrten`
--
ALTER TABLE `fahrten`
  ADD PRIMARY KEY (`id`),
  ADD KEY `fahrer_id` (`fahrer_id`),
  ADD KEY `kfz_id` (`kfz_id`);

--
-- Indizes für die Tabelle `kfz`
--
ALTER TABLE `kfz`
  ADD PRIMARY KEY (`id`);

--
-- Indizes für die Tabelle `users`
--
ALTER TABLE `users`
  ADD PRIMARY KEY (`user_id`);

--
-- AUTO_INCREMENT für exportierte Tabellen
--

--
-- AUTO_INCREMENT für Tabelle `fahrer`
--
ALTER TABLE `fahrer`
  MODIFY `id` int(11) UNSIGNED NOT NULL AUTO_INCREMENT, AUTO_INCREMENT=1003;

--
-- AUTO_INCREMENT für Tabelle `fahrten`
--
ALTER TABLE `fahrten`
  MODIFY `id` int(11) UNSIGNED NOT NULL AUTO_INCREMENT, AUTO_INCREMENT=999;

--
-- AUTO_INCREMENT für Tabelle `kfz`
--
ALTER TABLE `kfz`
  MODIFY `id` int(11) UNSIGNED NOT NULL AUTO_INCREMENT, AUTO_INCREMENT=1004;

--
-- AUTO_INCREMENT für Tabelle `users`
--
ALTER TABLE `users`
  MODIFY `user_id` int(11) NOT NULL AUTO_INCREMENT, AUTO_INCREMENT=3;

--
-- Constraints der exportierten Tabellen
--

--
-- Constraints der Tabelle `fahrten`
--
ALTER TABLE `fahrten`
  ADD CONSTRAINT `fahrten_ibfk_2` FOREIGN KEY (`fahrer_id`) REFERENCES `fahrer` (`id`),
  ADD CONSTRAINT `fahrten_ibfk_3` FOREIGN KEY (`kfz_id`) REFERENCES `kfz` (`id`);
COMMIT;

/*!40101 SET CHARACTER_SET_CLIENT=@OLD_CHARACTER_SET_CLIENT */;
/*!40101 SET CHARACTER_SET_RESULTS=@OLD_CHARACTER_SET_RESULTS */;
/*!40101 SET COLLATION_CONNECTION=@OLD_COLLATION_CONNECTION */;
